,Spiel_Ausgang,Heimmannschaft_ID,GH_2,GH_3,GH_4,GH_5,GA_1,GA_2,GA_3,GA_4,GA_5,TH,SH,FH,FH,GKH,RKH,FH,FH,EH,BBH,TA
0,1,3,1.0,1.0,0.0,1.0,0.0,-1.0,-1.0,1.0,0.0,7,10,12,18,0,0,12,18,5,62,1
1,0,3,1.0,1.0,1.0,0.0,0.0,0.0,-1.0,1.0,-1.0,12,10,14,14,4,0,14,14,6,53,2
2,1,3,0.0,1.0,1.0,1.0,1.0,1.0,-1.0,-1.0,1.0,3,9,13,13,3,0,13,13,6,43,5
3,1,3,0.0,0.0,1.0,-1.0,1.0,-1.0,1.0,1.0,0.0,13,12,10,11,1,1,10,11,8,53,3
4,0,3,1.0,0.0,0.0,0.0,-1.0,-1.0,1.0,0.0,0.0,10,10,18,23,1,0,18,23,13,50,3
5,1,3,0.0,-1.0,1.0,0.0,-1.0,1.0,-1.0,1.0,1.0,13,5,13,9,1,0,13,9,7,59,0
6,0,3,1.0,1.0,0.0,-1.0,1.0,-1.0,-1.0,-1.0,1.0,11,5,17,15,4,0,17,15,5,55,2
7,0,3,0.0,-1.0,1.0,1.0,0.0,-1.0,1.0,1.0,1.0,9,8,20,16,3,0,20,16,4,56,5
8,0,3,1.0,0.0,-1.0,1.0,-1.0,0.0,-1.0,1.0,-1.0,5,3,20,17,1,0,20,17,4,58,3
9,-1,3,1.0,0.0,0.0,1.0,1.0,0.0,1.0,1.0,0.0,2,8,22,15,5,0,22,15,5,46,4
10,1,3,-1.0,-1.0,1.0,0.0,0.0,1.0,-1.0,-1.0,1.0,6,5,15,11,1,0,15,11,3,54,2
11,1,3,1.0,1.0,1.0,1.0,1.0,1.0,1.0,1.0,-1.0,9,6,25,21,1,0,25,21,12,45,7
12,1,3,1.0,0.0,1.0,1.0,-1.0,0.0,1.0,-1.0,-1.0,2,9,20,13,2,0,20,13,4,57,6
13,1,3,1.0,-1.0,1.0,0.0,1.0,-1.0,-1.0,0.0,1.0,12,11,12,18,1,0,12,18,13,56,2
14,1,3,-1.0,-1.0,1.0,1.0,1.0,-1.0,1.0,1.0,-1.0,5,9,15,22,3,0,15,22,11,67,3
15,0,3,1.0,-1.0,-1.0,-1.0,-1.0,-1.0,1.0,-1.0,-1.0,12,11,14,20,2,0,14,20,9,61,1
16,-1,3,1.0,0.0,0.0,1.0,0.0,-1.0,-1.0,1.0,0.0,7,3,18,13,1,1,18,13,6,52,8
17,0,3,-1.0,-1.0,1.0,0.0,-1.0,-1.0,0.0,-1.0,1.0,11,4,9,17,1,0,9,17,9,52,5
18,1,3,0.0,1.0,-1.0,-1.0,1.0,0.0,1.0,0.0,1.0,1,8,12,12,0,0,12,12,4,47,2
19,0,3,0.0,1.0,1.0,-1.0,1.0,1.0,1.0,1.0,-1.0,3,3,16,13,0,0,16,13,6,38,3
20,-1,3,0.0,1.0,0.0,1.0,1.0,0.0,1.0,1.0,-1.0,8,3,20,23,5,0,20,23,8,49,3
21,-1,3,-1.0,1.0,0.0,1.0,0.0,-1.0,0.0,-1.0,0.0,11,3,15,20,1,0,15,20,9,64,4
22,1,3,1.0,0.0,-1.0,-1.0,0.0,-1.0,1.0,1.0,-1.0,3,4,13,15,0,0,13,15,6,47,8
23,1,3,1.0,1.0,1.0,0.0,-1.0,-1.0,1.0,-1.0,0.0,6,3,15,8,4,0,15,8,3,60,9
24,1,3,1.0,1.0,1.0,1.0,-1.0,-1.0,0.0,-1.0,1.0,6,6,11,13,1,0,11,13,6,52,2
25,0,3,1.0,-1.0,1.0,-1.0,-1.0,1.0,-1.0,-1.0,0.0,0,14,14,0,0,0,14,0,6,73,0
26,1,3,0.0,-1.0,1.0,-1.0,1.0,1.0,1.0,-1.0,1.0,0,11,21,0,5,0,21,0,1,29,0
27,-1,3,1.0,1.0,0.0,-1.0,1.0,1.0,1.0,0.0,0.0,0,6,6,0,0,1,6,0,5,46,0
28,0,3,-1.0,1.0,1.0,-1.0,-1.0,-1.0,-1.0,1.0,1.0,0,15,10,0,0,0,10,0,4,68,0
29,-1,3,0.0,-1.0,1.0,0.0,0.0,-1.0,-1.0,1.0,-1.0,0,12,12,0,0,0,12,0,9,60,0
30,1,3,-1.0,1.0,0.0,-1.0,1.0,1.0,-1.0,1.0,-1.0,0,17,10,0,2,0,10,0,7,49,0
31,0,3,-1.0,1.0,1.0,-1.0,1.0,1.0,1.0,-1.0,-1.0,0,12,12,0,0,1,12,0,4,53,0
32,0,3,0.0,-1.0,-1.0,1.0,1.0,1.0,0.0,-1.0,-1.0,0,8,18,0,1,0,18,0,2,43,0
33,0,3,1.0,0.0,-1.0,0.0,1.0,-1.0,1.0,1.0,1.0,0,9,9,0,1,1,9,0,1,27,0
34,-1,3,0.0,-1.0,1.0,0.0,0.0,-1.0,1.0,-1.0,0.0,4,13,15,0,3,0,15,0,2,46,8
35,-1,3,0.0,-1.0,1.0,0.0,0.0,-1.0,1.0,-1.0,0.0,4,13,15,0,3,0,15,0,2,46,8
36,-1,3,0.0,-1.0,1.0,0.0,0.0,-1.0,1.0,-1.0,0.0,4,13,15,0,3,0,15,0,2,46,8
37,-1,3,0.0,-1.0,1.0,0.0,0.0,-1.0,1.0,-1.0,0.0,4,13,15,0,3,0,15,0,2,46,8
38,0,3,-1.0,-1.0,0.0,-1.0,1.0,0.0,0.0,-1.0,-1.0,9,27,12,0,0,0,12,0,7,66,4
39,0,3,1.0,0.0,0.0,-1.0,1.0,0.0,1.0,-1.0,1.0,3,17,16,0,2,0,16,0,6,61,4
40,1,3,0.0,-1.0,1.0,0.0,0.0,-1.0,0.0,-1.0,0.0,9,22,4,0,0,0,4,0,5,65,1
41,0,3,1.0,-1.0,1.0,-1.0,0.0,0.0,0.0,-1.0,0.0,10,17,16,0,2,0,16,0,11,55,4
42,1,3,0.0,0.0,1.0,-1.0,0.0,-1.0,-1.0,0.0,-1.0,5,17,16,0,3,0,16,0,8,69,2
43,0,3,0.0,0.0,1.0,1.0,0.0,-1.0,-1.0,-1.0,0.0,9,15,9,0,1,1,9,0,7,27,3
44,1,3,0.0,1.0,0.0,0.0,1.0,1.0,-1.0,1.0,-1.0,7,15,10,0,0,0,10,0,5,48,2
45,-1,3,1.0,1.0,0.0,1.0,1.0,1.0,1.0,1.0,-1.0,1,12,11,0,2,0,11,0,6,43,6
46,1,3,-1.0,0.0,1.0,1.0,1.0,-1.0,0.0,-1.0,0.0,3,12,10,0,1,0,10,0,13,70,1
47,-1,3,1.0,1.0,-1.0,0.0,0.0,0.0,0.0,-1.0,1.0,6,15,18,0,2,0,18,0,9,61,4
48,-1,3,-1.0,0.0,1.0,1.0,1.0,-1.0,-1.0,1.0,0.0,5,9,15,0,2,1,15,0,7,55,6
49,1,3,-1.0,1.0,-1.0,0.0,0.0,1.0,-1.0,-1.0,-1.0,7,19,12,0,0,0,12,0,3,54,2
50,0,3,1.0,1.0,-1.0,1.0,-1.0,1.0,-1.0,0.0,-1.0,2,18,3,0,0,0,3,0,5,66,2
51,1,3,0.0,-1.0,1.0,1.0,0.0,-1.0,1.0,-1.0,1.0,6,11,17,0,3,0,17,0,2,54,1
52,-1,3,1.0,0.0,-1.0,-1.0,1.0,1.0,-1.0,-1.0,-1.0,3,17,14,0,3,0,14,0,5,49,5
53,1,3,-1.0,-1.0,1.0,0.0,1.0,0.0,1.0,-1.0,1.0,5,19,12,0,2,0,12,0,7,52,5
54,-1,3,1.0,-1.0,-1.0,-1.0,1.0,0.0,1.0,0.0,1.0,6,14,11,0,1,0,11,0,6,42,10
55,-1,3,0.0,0.0,-1.0,1.0,1.0,1.0,-1.0,-1.0,1.0,9,20,7,0,0,0,7,0,6,59,4
56,1,3,1.0,-1.0,-1.0,1.0,-1.0,-1.0,-1.0,0.0,1.0,7,21,11,0,1,0,11,0,4,63,1
57,1,3,-1.0,1.0,0.0,1.0,0.0,-1.0,1.0,1.0,0.0,7,15,4,0,0,0,4,0,4,57,7
58,-1,3,1.0,-1.0,1.0,0.0,-1.0,1.0,0.0,1.0,-1.0,10,22,10,0,1,0,10,0,10,65,3
59,1,3,-1.0,1.0,1.0,-1.0,1.0,1.0,1.0,1.0,1.0,4,10,13,0,3,0,13,0,7,48,6
60,1,3,1.0,1.0,1.0,1.0,1.0,0.0,0.0,0.0,-1.0,5,18,11,0,0,0,11,0,7,73,3
61,-1,3,1.0,-1.0,1.0,1.0,1.0,0.0,0.0,0.0,1.0,2,15,9,0,3,0,9,0,10,71,5
62,1,3,1.0,1.0,-1.0,-1.0,0.0,0.0,-1.0,1.0,1.0,10,16,3,0,0,0,3,0,1,82,2
63,0,3,1.0,1.0,1.0,-1.0,0.0,1.0,-1.0,0.0,-1.0,5,18,10,0,2,0,10,0,4,75,3
64,0,3,1.0,1.0,0.0,1.0,1.0,-1.0,-1.0,-1.0,0.0,2,20,9,23,2,0,9,23,19,76,1
65,0,3,0.0,1.0,1.0,-1.0,0.0,0.0,0.0,-1.0,1.0,4,24,14,23,2,0,14,23,10,63,3
66,-1,3,-1.0,0.0,1.0,1.0,1.0,-1.0,1.0,1.0,1.0,7,25,13,19,2,1,13,19,13,62,6
67,0,3,-1.0,0.0,-1.0,0.0,1.0,0.0,1.0,-1.0,0.0,9,27,10,17,0,0,10,17,13,72,2
68,1,3,0.0,1.0,-1.0,0.0,1.0,1.0,0.0,1.0,0.0,9,19,13,5,2,0,13,5,9,57,3
69,-1,3,1.0,1.0,0.0,1.0,1.0,0.0,-1.0,-1.0,-1.0,7,16,12,14,2,0,12,14,5,72,5
70,1,3,1.0,1.0,1.0,-1.0,1.0,1.0,1.0,-1.0,0.0,5,8,9,8,2,0,9,8,3,52,6
71,1,3,1.0,-1.0,1.0,1.0,0.0,-1.0,1.0,-1.0,-1.0,4,9,10,6,2,0,10,6,2,77,3
72,1,3,1.0,1.0,1.0,-1.0,1.0,-1.0,-1.0,1.0,0.0,5,13,12,6,1,0,12,6,1,62,3
73,-1,3,1.0,1.0,0.0,1.0,-1.0,1.0,0.0,0.0,1.0,1,8,10,0,3,0,10,0,12,64,8
74,-1,3,-1.0,1.0,1.0,1.0,1.0,1.0,1.0,1.0,1.0,6,9,13,0,3,0,13,0,6,49,9
75,1,3,-1.0,1.0,-1.0,1.0,-1.0,0.0,-1.0,-1.0,0.0,5,12,11,0,2,0,11,0,7,64,1
76,1,3,1.0,0.0,-1.0,1.0,1.0,1.0,-1.0,1.0,-1.0,2,14,11,0,1,0,11,0,11,64,2
77,0,6,-1.0,1.0,0.0,-1.0,-1.0,1.0,-1.0,1.0,-1.0,6,8,15,29,1,0,15,29,9,51,2
78,-1,6,0.0,-1.0,-1.0,1.0,0.0,0.0,1.0,-1.0,1.0,9,6,19,27,3,0,19,27,4,52,2
79,1,6,-1.0,-1.0,0.0,-1.0,1.0,0.0,0.0,-1.0,1.0,2,0,14,12,3,0,14,12,6,31,7
80,-1,6,-1.0,-1.0,1.0,-1.0,1.0,1.0,1.0,0.0,1.0,1,3,16,7,1,0,16,7,2,28,6
81,1,6,-1.0,1.0,-1.0,-1.0,1.0,-1.0,0.0,1.0,-1.0,2,2,9,10,2,0,9,10,2,36,7
82,-1,6,1.0,-1.0,-1.0,1.0,-1.0,1.0,-1.0,1.0,-1.0,3,3,17,15,3,0,17,15,2,46,5
83,-1,6,-1.0,0.0,1.0,-1.0,0.0,0.0,1.0,0.0,-1.0,0,2,15,10,3,0,15,10,4,47,3
84,-1,6,-1.0,-1.0,-1.0,0.0,-1.0,-1.0,1.0,0.0,-1.0,5,3,20,22,2,0,20,22,2,58,2
85,1,6,-1.0,1.0,-1.0,-1.0,0.0,-1.0,0.0,1.0,1.0,4,3,21,13,3,0,21,13,4,42,4
86,0,6,1.0,-1.0,-1.0,1.0,1.0,-1.0,0.0,-1.0,1.0,8,1,15,15,3,0,15,15,3,37,5
87,0,6,1.0,1.0,0.0,0.0,1.0,-1.0,0.0,0.0,1.0,5,3,9,17,0,0,9,17,8,49,3
88,-1,6,0.0,0.0,1.0,1.0,1.0,0.0,1.0,1.0,1.0,4,4,15,15,2,0,15,15,3,28,6
89,0,6,-1.0,-1.0,0.0,0.0,1.0,-1.0,-1.0,0.0,-1.0,4,5,22,18,3,0,22,18,4,36,0
90,0,6,-1.0,0.0,-1.0,-1.0,-1.0,-1.0,-1.0,0.0,1.0,5,3,12,16,0,0,12,16,6,52,3
91,1,6,1.0,-1.0,0.0,1.0,1.0,-1.0,1.0,0.0,1.0,9,6,12,29,1,0,12,29,6,52,6
92,-1,6,-1.0,1.0,0.0,1.0,1.0,1.0,1.0,1.0,1.0,6,5,9,16,2,0,9,16,5,43,4
93,1,6,-1.0,1.0,-1.0,1.0,0.0,0.0,-1.0,-1.0,0.0,0,2,26,12,2,0,26,12,2,49,1
94,1,6,1.0,1.0,-1.0,1.0,0.0,1.0,-1.0,-1.0,1.0,5,1,17,18,1,0,17,18,8,58,3
95,1,6,1.0,-1.0,1.0,1.0,0.0,1.0,1.0,0.0,1.0,2,2,14,17,0,0,14,17,6,58,1
96,0,6,1.0,1.0,-1.0,1.0,1.0,1.0,1.0,0.0,1.0,4,6,14,16,2,0,14,16,6,61,7
97,0,6,0.0,1.0,1.0,1.0,1.0,1.0,-1.0,1.0,1.0,6,4,11,12,0,0,11,12,3,37,3
98,0,6,0.0,0.0,0.0,1.0,1.0,-1.0,0.0,-1.0,-1.0,5,1,17,17,3,0,17,17,3,48,7
99,1,6,0.0,-1.0,0.0,0.0,0.0,0.0,-1.0,-1.0,0.0,4,4,17,11,3,0,17,11,2,50,6
100,1,6,1.0,1.0,0.0,-1.0,1.0,1.0,0.0,0.0,-1.0,4,6,13,14,2,0,13,14,5,46,9
101,-1,6,0.0,-1.0,1.0,1.0,1.0,1.0,1.0,1.0,1.0,5,3,9,20,0,0,9,20,1,32,4
102,1,6,1.0,0.0,-1.0,-1.0,-1.0,-1.0,1.0,0.0,1.0,0,8,12,0,1,0,12,0,4,49,0
103,1,6,1.0,0.0,-1.0,1.0,1.0,0.0,0.0,1.0,1.0,0,13,8,0,2,0,8,0,4,48,0
104,1,6,1.0,0.0,1.0,0.0,0.0,-1.0,0.0,-1.0,1.0,0,12,14,0,2,0,14,0,4,51,0
105,1,6,1.0,0.0,1.0,0.0,0.0,-1.0,0.0,-1.0,1.0,0,12,14,0,2,0,14,0,4,51,0
106,1,6,1.0,0.0,1.0,0.0,0.0,-1.0,0.0,-1.0,1.0,0,12,14,0,2,0,14,0,4,51,0
107,1,6,1.0,0.0,1.0,0.0,0.0,-1.0,0.0,-1.0,1.0,0,12,14,0,2,0,14,0,4,51,0
108,1,6,1.0,-1.0,1.0,0.0,1.0,-1.0,1.0,-1.0,1.0,0,16,12,0,1,1,12,0,5,65,0
109,-1,6,1.0,0.0,1.0,-1.0,1.0,0.0,-1.0,-1.0,-1.0,0,11,17,0,0,0,17,0,5,59,0
110,0,6,1.0,-1.0,-1.0,1.0,1.0,0.0,1.0,1.0,1.0,0,11,19,0,2,0,19,0,3,29,0
111,1,6,-1.0,1.0,-1.0,-1.0,-1.0,-1.0,1.0,1.0,-1.0,0,6,11,0,2,0,11,0,3,58,0
112,1,6,1.0,0.0,-1.0,1.0,1.0,1.0,1.0,-1.0,1.0,0,16,7,0,2,0,7,0,4,31,0
113,1,6,-1.0,-1.0,1.0,-1.0,-1.0,-1.0,0.0,-1.0,0.0,0,18,17,0,1,0,17,0,7,55,0
114,1,6,1.0,-1.0,-1.0,-1.0,1.0,-1.0,-1.0,0.0,1.0,0,14,10,0,3,0,10,0,5,51,0
115,-1,6,-1.0,-1.0,1.0,-1.0,0.0,0.0,-1.0,-1.0,0.0,5,14,17,0,3,0,17,0,3,49,11
116,0,6,1.0,-1.0,1.0,-1.0,-1.0,-1.0,-1.0,-1.0,-1.0,4,8,10,0,1,0,10,0,5,54,5
117,1,6,0.0,-1.0,1.0,-1.0,1.0,-1.0,0.0,-1.0,1.0,3,5,12,0,1,0,12,0,3,36,5
118,0,6,1.0,0.0,0.0,-1.0,0.0,1.0,1.0,-1.0,1.0,5,10,14,0,0,0,14,0,1,32,5
119,-1,6,1.0,0.0,-1.0,0.0,0.0,1.0,-1.0,1.0,1.0,8,15,17,0,2,0,17,0,8,60,5
120,-1,6,-1.0,0.0,1.0,0.0,-1.0,0.0,1.0,0.0,0.0,5,15,15,0,1,0,15,0,4,56,5
121,0,6,1.0,1.0,0.0,-1.0,0.0,1.0,1.0,-1.0,0.0,2,9,15,0,3,0,15,0,3,37,4
122,0,6,0.0,-1.0,1.0,1.0,-1.0,-1.0,0.0,-1.0,1.0,3,6,15,0,0,0,15,0,0,45,4
123,-1,6,0.0,0.0,0.0,-1.0,-1.0,-1.0,-1.0,1.0,-1.0,1,9,15,0,0,0,15,0,6,67,8
124,0,6,0.0,-1.0,1.0,0.0,-1.0,0.0,1.0,-1.0,0.0,4,14,7,0,1,0,7,0,5,55,0
125,0,6,0.0,-1.0,0.0,-1.0,-1.0,-1.0,-1.0,0.0,-1.0,2,9,16,0,1,0,16,0,4,52,1
126,1,6,0.0,1.0,0.0,-1.0,0.0,-1.0,1.0,-1.0,-1.0,5,12,14,0,1,0,14,0,6,55,2
127,0,6,1.0,-1.0,0.0,1.0,1.0,0.0,-1.0,0.0,-1.0,4,8,10,0,0,0,10,0,6,56,3
128,1,6,1.0,1.0,-1.0,-1.0,1.0,0.0,1.0,-1.0,1.0,7,16,9,0,2,0,9,0,8,49,4
129,1,6,1.0,0.0,1.0,1.0,0.0,1.0,1.0,1.0,1.0,4,6,14,0,3,0,14,0,1,30,5
130,0,6,1.0,-1.0,1.0,0.0,0.0,-1.0,1.0,1.0,0.0,5,13,13,0,2,0,13,0,8,62,3
131,0,6,-1.0,0.0,0.0,0.0,1.0,1.0,1.0,1.0,-1.0,8,23,9,0,1,0,9,0,8,58,6
132,1,6,0.0,-1.0,-1.0,0.0,-1.0,1.0,1.0,1.0,0.0,4,7,18,0,1,0,18,0,5,39,4
133,0,6,1.0,1.0,0.0,-1.0,0.0,-1.0,-1.0,-1.0,-1.0,7,18,19,0,1,0,19,0,3,45,2
134,0,6,-1.0,0.0,-1.0,1.0,1.0,1.0,-1.0,0.0,-1.0,4,11,16,0,2,0,16,0,3,46,6
135,-1,6,1.0,-1.0,0.0,-1.0,-1.0,-1.0,1.0,1.0,1.0,4,11,19,0,3,0,19,0,3,53,4
136,0,6,-1.0,0.0,1.0,-1.0,1.0,0.0,0.0,1.0,-1.0,2,11,17,0,3,0,17,0,4,39,2
137,1,6,0.0,1.0,-1.0,0.0,1.0,-1.0,-1.0,-1.0,1.0,4,11,13,0,0,0,13,0,4,61,1
138,-1,6,1.0,-1.0,0.0,1.0,1.0,-1.0,1.0,0.0,0.0,4,7,10,0,1,2,10,0,4,48,8
139,-1,6,1.0,0.0,0.0,-1.0,0.0,1.0,1.0,1.0,1.0,4,9,10,0,1,0,10,0,4,35,8
140,-1,6,-1.0,1.0,1.0,0.0,1.0,1.0,-1.0,1.0,1.0,2,9,15,18,1,0,15,18,2,57,4
141,-1,6,1.0,1.0,1.0,-1.0,1.0,1.0,-1.0,0.0,-1.0,4,13,17,17,1,1,17,17,4,43,9
142,-1,6,-1.0,-1.0,-1.0,0.0,0.0,-1.0,1.0,0.0,1.0,3,13,14,9,3,0,14,9,2,48,5
143,1,6,-1.0,-1.0,-1.0,-1.0,1.0,-1.0,0.0,1.0,0.0,4,16,11,2,2,0,11,2,4,38,3
144,0,6,1.0,0.0,-1.0,-1.0,1.0,-1.0,1.0,1.0,-1.0,0,7,12,10,2,0,12,10,1,40,5
145,-1,6,1.0,1.0,0.0,-1.0,1.0,1.0,1.0,-1.0,-1.0,1,7,7,7,3,0,7,7,0,32,11
146,0,6,-1.0,0.0,1.0,1.0,-1.0,1.0,0.0,0.0,1.0,0,9,9,13,1,0,9,13,3,42,5
147,-1,6,1.0,-1.0,0.0,1.0,-1.0,-1.0,-1.0,-1.0,1.0,3,13,14,17,2,1,14,17,10,69,3
148,-1,6,-1.0,0.0,1.0,-1.0,-1.0,-1.0,1.0,-1.0,1.0,1,9,12,12,2,0,12,12,5,62,11
149,0,6,-1.0,1.0,-1.0,0.0,-1.0,-1.0,-1.0,-1.0,-1.0,5,19,18,17,3,0,18,17,3,49,3
150,1,6,1.0,1.0,0.0,0.0,0.0,1.0,-1.0,-1.0,-1.0,5,10,19,0,3,0,19,0,7,51,4
151,-1,6,1.0,0.0,1.0,1.0,-1.0,1.0,0.0,-1.0,-1.0,3,5,13,0,2,1,13,0,1,44,7
152,1,6,-1.0,-1.0,1.0,0.0,1.0,0.0,-1.0,1.0,-1.0,4,11,12,0,4,0,12,0,5,39,2
153,1,7,1.0,1.0,1.0,-1.0,1.0,1.0,0.0,1.0,1.0,14,4,4,17,0,0,4,17,8,60,4
154,1,7,1.0,1.0,0.0,1.0,0.0,-1.0,-1.0,-1.0,0.0,7,7,10,25,0,0,10,25,10,74,0
155,1,7,1.0,1.0,1.0,1.0,-1.0,-1.0,-1.0,-1.0,0.0,14,7,13,20,1,0,13,20,9,58,2
156,1,7,1.0,0.0,1.0,1.0,-1.0,-1.0,1.0,0.0,1.0,6,6,16,8,2,0,16,8,9,61,6
157,1,7,1.0,1.0,1.0,0.0,1.0,1.0,0.0,-1.0,1.0,6,1,10,17,0,0,10,17,8,61,1
158,1,7,1.0,1.0,1.0,1.0,0.0,0.0,-1.0,0.0,1.0,15,17,5,20,1,0,5,20,10,76,1
159,0,7,1.0,1.0,1.0,1.0,1.0,0.0,1.0,-1.0,1.0,2,6,13,10,3,1,13,10,5,57,4
160,1,7,1.0,1.0,0.0,-1.0,0.0,-1.0,0.0,0.0,1.0,11,9,5,23,0,0,5,23,14,71,5
161,-1,7,1.0,1.0,1.0,1.0,1.0,0.0,1.0,0.0,1.0,11,5,16,28,0,0,16,28,4,65,2
162,1,7,-1.0,1.0,1.0,1.0,0.0,-1.0,1.0,-1.0,1.0,9,6,12,11,1,0,12,11,3,60,1
163,1,7,1.0,1.0,-1.0,1.0,0.0,0.0,1.0,1.0,0.0,5,5,13,23,0,0,13,23,5,73,4
164,-1,7,1.0,1.0,1.0,1.0,0.0,-1.0,1.0,-1.0,0.0,6,9,14,13,2,1,14,13,4,70,3
165,1,7,-1.0,-1.0,1.0,1.0,1.0,-1.0,-1.0,1.0,1.0,8,9,10,30,0,0,10,30,5,73,7
166,1,7,1.0,1.0,-1.0,-1.0,1.0,1.0,-1.0,1.0,-1.0,3,7,12,17,2,0,12,17,7,64,6
167,1,7,1.0,1.0,1.0,-1.0,-1.0,0.0,-1.0,1.0,-1.0,17,8,12,25,0,0,12,25,9,73,0
168,1,7,1.0,1.0,1.0,1.0,1.0,0.0,1.0,0.0,1.0,8,4,11,17,1,0,11,17,5,61,1
169,1,7,1.0,1.0,1.0,1.0,0.0,0.0,1.0,1.0,1.0,6,4,14,21,3,0,14,21,5,56,5
170,1,7,1.0,1.0,1.0,1.0,-1.0,1.0,0.0,-1.0,1.0,13,3,9,14,1,0,9,14,10,74,2
171,1,7,1.0,0.0,1.0,1.0,1.0,1.0,-1.0,1.0,-1.0,6,9,13,21,0,0,13,21,9,68,1
172,1,7,1.0,1.0,-1.0,1.0,0.0,-1.0,1.0,0.0,0.0,16,12,11,26,1,0,11,26,10,69,2
173,-1,7,1.0,1.0,0.0,1.0,1.0,-1.0,1.0,1.0,1.0,9,6,10,32,1,0,10,32,11,76,1
174,1,7,-1.0,1.0,1.0,1.0,1.0,1.0,0.0,-1.0,0.0,10,6,8,20,1,0,8,20,11,76,1
175,1,7,1.0,0.0,-1.0,1.0,1.0,-1.0,0.0,-1.0,0.0,11,7,16,19,2,0,16,19,5,69,0
176,1,7,1.0,1.0,1.0,0.0,0.0,-1.0,1.0,-1.0,1.0,6,6,9,22,0,0,9,22,6,63,8
177,0,7,1.0,1.0,1.0,1.0,1.0,-1.0,-1.0,1.0,-1.0,4,3,10,17,2,0,10,17,7,59,2
178,1,7,1.0,0.0,1.0,1.0,1.0,0.0,1.0,-1.0,1.0,0,27,7,0,0,0,7,0,8,71,0
179,1,7,1.0,1.0,1.0,1.0,1.0,1.0,1.0,0.0,-1.0,0,16,9,0,1,0,9,0,6,76,0
180,0,7,1.0,1.0,1.0,1.0,0.0,1.0,1.0,0.0,1.0,0,26,4,0,1,0,4,0,10,69,0
181,1,7,0.0,1.0,1.0,1.0,0.0,-1.0,1.0,0.0,1.0,0,17,4,0,0,0,4,0,8,64,0
182,0,7,1.0,0.0,0.0,1.0,1.0,1.0,1.0,1.0,1.0,0,21,7,0,0,0,7,0,8,67,0
183,0,7,1.0,0.0,0.0,1.0,1.0,1.0,1.0,1.0,1.0,0,21,7,0,0,0,7,0,8,67,0
184,0,7,1.0,0.0,0.0,1.0,1.0,1.0,1.0,1.0,1.0,0,21,7,0,0,0,7,0,8,67,0
185,0,7,1.0,0.0,0.0,1.0,1.0,1.0,1.0,1.0,1.0,0,21,7,0,0,0,7,0,8,67,0
186,1,7,0.0,1.0,1.0,0.0,-1.0,1.0,1.0,-1.0,-1.0,0,13,8,0,0,0,8,0,6,57,0
187,1,7,1.0,-1.0,0.0,1.0,-1.0,0.0,-1.0,1.0,-1.0,0,19,13,0,1,0,13,0,10,69,0
188,0,7,1.0,1.0,1.0,1.0,-1.0,1.0,-1.0,0.0,-1.0,0,12,14,0,1,0,14,0,9,61,0
189,1,7,1.0,0.0,1.0,0.0,-1.0,-1.0,-1.0,-1.0,1.0,0,16,11,0,2,0,11,0,3,72,0
190,1,7,1.0,1.0,1.0,0.0,0.0,-1.0,0.0,1.0,-1.0,0,21,6,0,0,0,6,0,5,75,0
191,1,7,1.0,1.0,1.0,1.0,1.0,0.0,1.0,-1.0,1.0,0,18,14,0,2,0,14,0,6,71,0
192,0,7,1.0,-1.0,1.0,1.0,1.0,-1.0,-1.0,-1.0,-1.0,0,20,5,0,1,0,5,0,14,76,0
193,1,7,1.0,1.0,0.0,0.0,0.0,1.0,-1.0,1.0,-1.0,11,33,10,0,1,0,10,0,15,66,8
194,1,7,1.0,1.0,1.0,0.0,1.0,0.0,0.0,-1.0,-1.0,8,13,13,0,1,0,13,0,4,51,4
195,1,7,1.0,1.0,1.0,1.0,1.0,-1.0,-1.0,-1.0,1.0,14,28,10,0,2,0,10,0,10,76,4
196,0,7,1.0,-1.0,1.0,1.0,0.0,-1.0,0.0,1.0,-1.0,3,19,9,0,1,0,9,0,7,59,3
197,1,7,0.0,1.0,1.0,-1.0,1.0,0.0,0.0,-1.0,0.0,10,24,5,0,0,0,5,0,9,68,2
198,1,7,1.0,1.0,1.0,0.0,0.0,1.0,-1.0,0.0,-1.0,6,17,13,0,0,0,13,0,6,74,3
199,1,7,1.0,-1.0,1.0,1.0,-1.0,0.0,-1.0,-1.0,-1.0,8,26,8,0,0,0,8,0,13,84,1
200,1,7,1.0,1.0,1.0,1.0,0.0,0.0,-1.0,1.0,1.0,7,15,8,0,0,0,8,0,4,65,4
201,1,7,1.0,1.0,1.0,1.0,-1.0,0.0,-1.0,1.0,-1.0,10,23,8,0,0,0,8,0,3,59,4
202,1,7,1.0,1.0,1.0,1.0,-1.0,1.0,0.0,-1.0,0.0,5,13,15,0,2,0,15,0,4,58,3
203,0,7,1.0,1.0,1.0,1.0,-1.0,1.0,0.0,0.0,0.0,6,19,13,0,0,0,13,0,9,76,3
204,1,7,1.0,1.0,0.0,1.0,1.0,1.0,0.0,0.0,1.0,9,17,5,0,1,0,5,0,2,60,3
205,1,7,1.0,-1.0,1.0,1.0,1.0,0.0,0.0,-1.0,0.0,11,20,10,0,2,0,10,0,6,70,1
206,1,7,1.0,1.0,1.0,-1.0,-1.0,-1.0,0.0,-1.0,1.0,6,11,6,0,0,0,6,0,1,61,3
207,1,7,1.0,1.0,1.0,1.0,1.0,-1.0,1.0,1.0,1.0,5,16,5,0,1,0,5,0,7,68,5
208,1,7,1.0,-1.0,1.0,1.0,-1.0,-1.0,1.0,0.0,-1.0,6,15,6,0,0,0,6,0,9,77,1
209,0,7,1.0,1.0,1.0,-1.0,-1.0,-1.0,0.0,1.0,-1.0,8,15,6,0,3,0,6,0,8,65,4
210,-1,7,0.0,1.0,1.0,1.0,0.0,1.0,-1.0,1.0,0.0,3,14,7,0,2,0,7,0,1,72,3
211,0,7,1.0,-1.0,-1.0,0.0,1.0,0.0,0.0,-1.0,1.0,6,24,9,0,1,0,9,0,14,72,1
212,1,7,1.0,1.0,1.0,1.0,-1.0,0.0,1.0,1.0,-1.0,4,16,11,0,1,0,11,0,7,70,5
213,1,7,1.0,-1.0,1.0,1.0,0.0,1.0,-1.0,0.0,1.0,4,12,12,0,2,0,12,0,11,62,2
214,1,7,1.0,1.0,1.0,-1.0,0.0,1.0,1.0,0.0,1.0,12,20,10,0,0,0,10,0,7,61,1
215,1,7,1.0,1.0,1.0,1.0,-1.0,-1.0,1.0,-1.0,-1.0,11,22,7,0,1,0,7,0,13,70,1
216,1,7,1.0,1.0,1.0,1.0,1.0,1.0,1.0,-1.0,1.0,10,22,10,0,1,0,10,0,11,59,1
217,1,7,1.0,0.0,1.0,1.0,1.0,0.0,1.0,1.0,1.0,7,28,11,0,0,0,11,0,14,70,0
218,1,7,1.0,0.0,1.0,1.0,-1.0,-1.0,0.0,0.0,-1.0,14,23,8,0,2,0,8,0,5,62,2
219,0,7,0.0,1.0,0.0,1.0,-1.0,1.0,1.0,0.0,0.0,7,17,6,19,3,0,6,19,12,71,3
220,1,7,0.0,1.0,0.0,1.0,-1.0,-1.0,1.0,1.0,0.0,10,18,16,17,3,0,16,17,10,68,4
221,1,7,1.0,1.0,0.0,1.0,-1.0,1.0,-1.0,-1.0,-1.0,5,25,15,6,4,0,15,6,12,61,2
222,-1,7,1.0,0.0,1.0,1.0,-1.0,0.0,-1.0,0.0,1.0,4,20,9,19,2,0,9,19,9,64,5
223,1,7,1.0,0.0,-1.0,1.0,1.0,0.0,1.0,0.0,0.0,5,18,11,11,2,0,11,11,2,60,0
224,-1,7,1.0,-1.0,1.0,0.0,0.0,1.0,-1.0,0.0,-1.0,11,23,9,19,1,0,9,19,8,75,7
225,1,7,-1.0,1.0,1.0,-1.0,-1.0,1.0,-1.0,-1.0,0.0,14,28,15,24,2,0,15,24,8,74,2
226,1,7,1.0,-1.0,-1.0,1.0,0.0,1.0,-1.0,-1.0,1.0,8,18,7,21,2,0,7,21,12,69,3
227,1,7,1.0,1.0,1.0,-1.0,1.0,0.0,0.0,1.0,-1.0,14,24,3,30,0,0,3,30,9,76,1
228,1,7,1.0,1.0,0.0,1.0,-1.0,-1.0,0.0,-1.0,1.0,6,18,4,23,1,0,4,23,9,75,2
229,1,7,1.0,1.0,1.0,1.0,-1.0,-1.0,1.0,-1.0,-1.0,10,17,9,0,0,0,9,0,7,64,4
230,1,7,1.0,1.0,1.0,1.0,-1.0,1.0,0.0,-1.0,1.0,4,8,13,0,0,0,13,0,3,50,2
231,1,7,1.0,1.0,1.0,1.0,1.0,0.0,1.0,-1.0,0.0,7,17,12,0,0,0,12,0,8,59,2
232,0,8,1.0,1.0,0.0,1.0,1.0,-1.0,-1.0,0.0,-1.0,10,2,18,21,3,0,18,21,4,62,5
233,1,8,0.0,-1.0,1.0,1.0,0.0,1.0,1.0,1.0,1.0,7,7,9,16,1,0,9,16,8,63,5
234,1,8,1.0,0.0,0.0,-1.0,-1.0,-1.0,0.0,0.0,0.0,9,7,11,14,0,0,11,14,8,57,5
235,1,8,-1.0,1.0,0.0,0.0,1.0,-1.0,1.0,1.0,-1.0,5,9,15,11,0,0,15,11,4,54,2
236,1,8,1.0,1.0,-1.0,1.0,1.0,0.0,0.0,0.0,1.0,7,12,16,9,1,0,16,9,10,55,8
237,1,8,1.0,1.0,1.0,1.0,-1.0,-1.0,1.0,0.0,1.0,13,7,13,12,0,0,13,12,9,38,7
238,1,8,0.0,1.0,1.0,-1.0,0.0,1.0,-1.0,-1.0,-1.0,4,8,5,22,0,0,5,22,4,61,5
239,1,8,0.0,0.0,1.0,1.0,1.0,1.0,1.0,1.0,1.0,2,6,13,10,2,0,13,10,1,32,7
240,1,8,1.0,1.0,0.0,0.0,-1.0,-1.0,1.0,-1.0,1.0,3,3,20,12,2,0,20,12,2,52,8
241,1,8,1.0,0.0,1.0,1.0,-1.0,1.0,-1.0,-1.0,-1.0,7,8,9,16,1,0,9,16,6,65,1
242,1,8,1.0,1.0,1.0,1.0,-1.0,-1.0,0.0,1.0,-1.0,11,12,9,24,0,0,9,24,5,51,7
243,0,8,1.0,0.0,1.0,-1.0,0.0,0.0,-1.0,0.0,1.0,13,11,17,27,2,0,17,27,7,53,1
244,1,8,0.0,-1.0,0.0,1.0,1.0,0.0,1.0,1.0,-1.0,7,5,11,13,4,0,11,13,6,48,9
245,1,8,1.0,1.0,0.0,-1.0,1.0,0.0,1.0,-1.0,-1.0,2,4,14,21,1,0,14,21,7,62,7
246,1,8,1.0,0.0,1.0,0.0,1.0,-1.0,0.0,1.0,-1.0,3,6,16,20,1,0,16,20,7,54,4
247,1,8,0.0,-1.0,1.0,0.0,0.0,1.0,0.0,-1.0,-1.0,7,6,14,15,4,0,14,15,5,50,0
248,1,8,1.0,-1.0,0.0,-1.0,1.0,0.0,0.0,1.0,1.0,8,4,17,12,0,0,17,12,5,51,8
249,1,8,1.0,1.0,1.0,-1.0,1.0,-1.0,1.0,-1.0,-1.0,10,6,12,22,0,0,12,22,7,64,5
250,-1,8,1.0,-1.0,1.0,1.0,1.0,-1.0,1.0,1.0,1.0,8,11,15,26,3,0,15,26,9,56,5
251,0,8,-1.0,0.0,-1.0,0.0,-1.0,1.0,0.0,-1.0,0.0,6,10,11,26,3,0,11,26,5,63,3
252,-1,8,1.0,-1.0,0.0,-1.0,1.0,1.0,0.0,1.0,1.0,8,4,8,10,0,0,8,10,1,35,4
253,1,8,-1.0,0.0,1.0,-1.0,1.0,0.0,1.0,-1.0,1.0,5,4,15,8,2,0,15,8,1,46,10
254,0,8,0.0,-1.0,1.0,1.0,1.0,0.0,-1.0,0.0,1.0,6,8,10,15,3,0,10,15,7,51,6
255,-1,8,0.0,-1.0,0.0,-1.0,1.0,1.0,-1.0,-1.0,0.0,9,8,6,40,0,0,6,40,6,66,3
256,0,8,1.0,1.0,-1.0,-1.0,1.0,0.0,0.0,0.0,1.0,0,19,13,0,2,0,13,0,8,66,0
257,-1,8,0.0,1.0,1.0,1.0,1.0,-1.0,1.0,0.0,-1.0,0,16,15,0,2,0,15,0,2,49,0
258,-1,8,-1.0,0.0,-1.0,-1.0,-1.0,-1.0,1.0,1.0,0.0,0,6,15,0,1,0,15,0,1,47,0
259,-1,8,-1.0,-1.0,-1.0,0.0,1.0,0.0,1.0,0.0,1.0,0,8,17,0,2,0,17,0,3,43,0
260,-1,8,-1.0,1.0,-1.0,-1.0,1.0,0.0,1.0,-1.0,1.0,0,6,21,0,3,1,21,0,0,33,0
261,1,8,-1.0,0.0,-1.0,1.0,0.0,0.0,1.0,1.0,1.0,0,15,18,0,3,0,18,0,4,38,0
262,-1,8,1.0,1.0,-1.0,-1.0,-1.0,0.0,1.0,-1.0,0.0,0,11,13,0,2,0,13,0,5,63,0
263,1,8,-1.0,1.0,1.0,1.0,1.0,-1.0,1.0,0.0,0.0,0,13,16,0,3,0,16,0,4,37,0
264,-1,8,1.0,-1.0,-1.0,1.0,1.0,-1.0,-1.0,-1.0,-1.0,0,27,13,0,1,0,13,0,13,72,0
265,-1,8,1.0,1.0,0.0,-1.0,-1.0,0.0,0.0,1.0,-1.0,0,17,12,0,0,0,12,0,6,66,0
266,-1,8,1.0,-1.0,-1.0,0.0,0.0,0.0,1.0,-1.0,1.0,0,7,12,0,0,1,12,0,4,39,0
267,-1,8,1.0,-1.0,-1.0,0.0,0.0,0.0,1.0,-1.0,1.0,0,7,12,0,0,1,12,0,4,39,0
268,-1,8,1.0,-1.0,-1.0,0.0,0.0,0.0,1.0,-1.0,1.0,0,7,12,0,0,1,12,0,4,39,0
269,-1,8,1.0,-1.0,-1.0,0.0,0.0,0.0,1.0,-1.0,1.0,0,7,12,0,0,1,12,0,4,39,0
270,0,8,-1.0,-1.0,1.0,-1.0,0.0,1.0,-1.0,-1.0,1.0,5,12,12,0,3,0,12,0,3,43,6
271,-1,8,0.0,1.0,-1.0,-1.0,1.0,0.0,1.0,0.0,1.0,0,7,7,0,0,0,7,0,3,29,5
272,0,8,0.0,1.0,-1.0,-1.0,-1.0,0.0,-1.0,-1.0,-1.0,4,13,10,0,1,0,10,0,3,63,4
273,0,8,0.0,-1.0,0.0,1.0,1.0,-1.0,-1.0,1.0,-1.0,2,6,9,0,2,1,9,0,5,54,3
274,0,8,0.0,0.0,0.0,-1.0,0.0,-1.0,1.0,1.0,0.0,6,15,12,0,1,0,12,0,8,54,5
275,0,8,0.0,0.0,0.0,0.0,1.0,0.0,-1.0,0.0,-1.0,8,20,14,0,1,0,14,0,4,59,6
276,1,8,0.0,0.0,0.0,0.0,-1.0,-1.0,0.0,-1.0,1.0,7,15,8,0,1,0,8,0,1,48,6
277,1,8,1.0,0.0,0.0,0.0,1.0,1.0,0.0,1.0,-1.0,6,13,7,0,0,0,7,0,6,42,9
278,-1,8,-1.0,0.0,0.0,1.0,0.0,0.0,1.0,-1.0,1.0,4,14,13,0,2,1,13,0,4,53,6
279,-1,8,0.0,1.0,-1.0,0.0,1.0,1.0,1.0,1.0,1.0,1,3,14,0,4,0,14,0,4,24,6
280,-1,8,-1.0,-1.0,0.0,1.0,-1.0,1.0,-1.0,0.0,1.0,2,7,22,0,5,1,22,0,3,48,4
281,-1,8,-1.0,0.0,-1.0,-1.0,1.0,1.0,1.0,1.0,-1.0,3,17,12,0,0,0,12,0,5,57,2
282,0,8,0.0,-1.0,-1.0,-1.0,-1.0,0.0,-1.0,1.0,-1.0,4,16,18,0,0,1,18,0,7,62,2
283,1,8,-1.0,-1.0,0.0,1.0,-1.0,-1.0,0.0,-1.0,0.0,8,16,13,0,2,0,13,0,5,40,1
284,1,8,-1.0,-1.0,-1.0,0.0,1.0,1.0,0.0,0.0,1.0,7,10,15,0,5,0,15,0,7,60,4
285,0,8,1.0,1.0,-1.0,-1.0,1.0,1.0,-1.0,-1.0,0.0,6,15,12,0,1,0,12,0,7,62,5
286,-1,8,1.0,1.0,1.0,-1.0,0.0,-1.0,-1.0,1.0,-1.0,9,19,12,0,0,0,12,0,7,73,8
287,0,8,-1.0,0.0,1.0,1.0,1.0,-1.0,1.0,0.0,1.0,3,13,6,0,2,0,6,0,6,57,3
288,-1,8,0.0,0.0,-1.0,0.0,-1.0,-1.0,0.0,1.0,1.0,1,9,9,0,2,0,9,0,2,45,11
289,-1,8,-1.0,-1.0,0.0,0.0,0.0,1.0,1.0,1.0,1.0,3,12,7,0,0,0,7,0,6,43,1
290,0,8,1.0,-1.0,-1.0,1.0,0.0,0.0,1.0,1.0,1.0,3,10,9,0,1,0,9,0,6,53,6
291,-1,8,1.0,1.0,1.0,0.0,-1.0,1.0,1.0,-1.0,1.0,4,11,10,0,5,0,10,0,5,45,14
292,1,8,1.0,-1.0,-1.0,1.0,-1.0,-1.0,1.0,1.0,0.0,6,17,6,0,1,0,6,0,4,52,4
293,0,8,1.0,0.0,1.0,-1.0,0.0,0.0,1.0,0.0,0.0,5,13,10,0,0,0,10,0,6,59,3
294,0,8,1.0,-1.0,1.0,-1.0,-1.0,1.0,1.0,1.0,1.0,8,20,10,0,2,0,10,0,13,59,3
295,1,8,1.0,1.0,0.0,-1.0,-1.0,0.0,-1.0,1.0,1.0,11,18,7,0,0,0,7,0,6,56,3
296,1,8,-1.0,1.0,1.0,0.0,-1.0,-1.0,-1.0,0.0,-1.0,5,15,15,5,1,0,15,5,2,47,2
297,0,8,0.0,1.0,1.0,1.0,-1.0,0.0,1.0,-1.0,-1.0,4,12,13,11,2,0,13,11,4,53,5
298,0,8,1.0,1.0,0.0,0.0,0.0,-1.0,-1.0,0.0,1.0,3,14,14,16,0,0,14,16,5,57,5
299,-1,8,0.0,0.0,1.0,1.0,-1.0,0.0,-1.0,0.0,1.0,1,10,9,12,2,0,9,12,9,46,4
300,-1,8,-1.0,-1.0,0.0,0.0,-1.0,-1.0,0.0,0.0,0.0,6,20,15,14,1,0,15,14,9,61,3
301,1,8,-1.0,1.0,-1.0,-1.0,1.0,1.0,-1.0,1.0,1.0,7,18,20,11,3,0,20,11,5,49,6
302,0,8,-1.0,-1.0,1.0,-1.0,1.0,-1.0,1.0,1.0,0.0,11,29,14,20,1,0,14,20,12,54,2
303,-1,8,-1.0,0.0,1.0,-1.0,-1.0,0.0,1.0,1.0,0.0,7,20,8,14,0,0,8,14,9,60,4
304,1,8,0.0,1.0,-1.0,-1.0,0.0,1.0,-1.0,-1.0,-1.0,6,17,11,9,0,0,11,9,4,57,3
305,-1,8,0.0,0.0,1.0,1.0,1.0,1.0,1.0,1.0,1.0,2,8,9,0,4,1,9,0,2,43,2
306,-1,8,-1.0,1.0,0.0,0.0,0.0,-1.0,-1.0,-1.0,1.0,4,16,18,0,4,0,18,0,4,53,3
307,0,8,-1.0,1.0,-1.0,1.0,1.0,-1.0,0.0,-1.0,0.0,7,20,16,0,0,0,16,0,6,48,6
308,-1,8,-1.0,0.0,1.0,-1.0,1.0,1.0,1.0,1.0,1.0,4,11,13,0,2,1,13,0,3,41,11
309,0,10,1.0,0.0,-1.0,-1.0,1.0,0.0,0.0,-1.0,1.0,7,3,15,8,2,0,15,8,4,38,4
310,-1,10,0.0,0.0,1.0,0.0,1.0,0.0,1.0,0.0,1.0,4,2,6,8,0,0,6,8,2,28,12
311,1,10,-1.0,-1.0,0.0,0.0,-1.0,-1.0,0.0,-1.0,1.0,2,3,12,11,1,0,12,11,3,39,8
312,-1,10,1.0,-1.0,-1.0,-1.0,-1.0,-1.0,0.0,0.0,0.0,5,3,5,23,1,0,5,23,5,58,4
313,-1,10,-1.0,1.0,1.0,-1.0,-1.0,-1.0,1.0,-1.0,1.0,4,6,11,9,0,0,11,9,3,58,4
314,-1,10,-1.0,1.0,-1.0,1.0,1.0,1.0,1.0,-1.0,1.0,6,4,10,10,0,0,10,10,5,38,3
315,0,10,-1.0,-1.0,-1.0,1.0,0.0,-1.0,-1.0,0.0,0.0,2,5,13,16,2,0,13,16,9,53,4
316,1,10,0.0,-1.0,0.0,0.0,1.0,-1.0,1.0,0.0,0.0,2,3,18,15,2,1,18,15,4,38,4
317,0,10,1.0,-1.0,0.0,-1.0,-1.0,1.0,-1.0,0.0,1.0,4,8,13,19,2,0,13,19,8,56,4
318,1,10,0.0,0.0,1.0,-1.0,-1.0,0.0,1.0,-1.0,1.0,7,9,15,9,4,1,15,9,3,38,11
319,0,10,1.0,-1.0,0.0,0.0,1.0,1.0,1.0,1.0,1.0,4,6,14,23,2,0,14,23,5,49,5
320,1,10,0.0,0.0,1.0,-1.0,1.0,-1.0,0.0,0.0,0.0,3,6,10,13,1,0,10,13,5,43,2
321,0,10,1.0,0.0,0.0,0.0,1.0,1.0,0.0,-1.0,0.0,4,6,14,8,0,0,14,8,4,38,3
322,0,10,0.0,-1.0,1.0,0.0,1.0,0.0,1.0,1.0,0.0,4,2,15,17,2,0,15,17,2,46,7
323,1,10,1.0,0.0,1.0,0.0,-1.0,-1.0,-1.0,-1.0,-1.0,5,5,10,20,0,0,10,20,2,43,8
324,0,10,-1.0,1.0,0.0,-1.0,-1.0,-1.0,0.0,1.0,0.0,6,7,11,18,2,0,11,18,5,54,7
325,0,10,0.0,-1.0,-1.0,1.0,1.0,0.0,-1.0,-1.0,1.0,3,10,14,21,1,0,14,21,6,49,1
326,-1,10,0.0,1.0,0.0,-1.0,0.0,1.0,-1.0,0.0,-1.0,10,6,14,20,2,0,14,20,7,51,9
327,1,10,-1.0,0.0,0.0,1.0,1.0,1.0,1.0,-1.0,1.0,5,8,10,17,3,0,10,17,6,37,5
328,1,10,0.0,-1.0,1.0,0.0,-1.0,0.0,1.0,1.0,-1.0,4,3,16,14,2,0,16,14,4,48,9
329,-1,10,1.0,0.0,0.0,-1.0,0.0,-1.0,0.0,0.0,0.0,7,10,15,17,2,0,15,17,2,48,7
330,-1,10,-1.0,-1.0,1.0,0.0,1.0,0.0,0.0,-1.0,1.0,8,7,13,26,1,0,13,26,7,47,5
331,-1,10,-1.0,0.0,-1.0,-1.0,1.0,0.0,-1.0,1.0,1.0,2,5,22,15,1,0,22,15,0,23,3
332,-1,10,-1.0,1.0,-1.0,0.0,1.0,1.0,1.0,0.0,-1.0,9,5,10,21,1,1,10,21,8,48,3
333,0,10,1.0,1.0,-1.0,0.0,1.0,-1.0,1.0,-1.0,-1.0,6,4,19,17,3,0,19,17,8,56,4
334,1,10,1.0,0.0,0.0,0.0,1.0,-1.0,-1.0,1.0,0.0,0,9,12,0,1,0,12,0,4,34,0
335,0,10,-1.0,1.0,-1.0,1.0,0.0,1.0,-1.0,-1.0,0.0,0,18,13,0,2,0,13,0,3,64,0
336,0,10,0.0,1.0,-1.0,1.0,1.0,-1.0,1.0,1.0,0.0,0,7,26,0,2,1,26,0,1,26,0
337,0,10,0.0,-1.0,0.0,1.0,-1.0,1.0,0.0,-1.0,-1.0,0,11,7,0,0,0,7,0,4,45,0
338,1,10,0.0,0.0,0.0,0.0,-1.0,1.0,1.0,1.0,-1.0,0,12,14,0,4,0,14,0,6,45,0
339,0,10,1.0,1.0,0.0,0.0,1.0,0.0,-1.0,1.0,-1.0,0,9,12,0,2,0,12,0,5,49,0
340,-1,10,0.0,-1.0,1.0,1.0,1.0,0.0,1.0,0.0,1.0,0,6,11,0,0,0,11,0,2,24,0
341,1,10,-1.0,-1.0,0.0,-1.0,1.0,-1.0,1.0,0.0,-1.0,0,7,12,0,2,0,12,0,2,29,0
342,1,10,1.0,0.0,-1.0,-1.0,0.0,0.0,-1.0,-1.0,-1.0,0,5,11,0,0,0,11,0,0,35,0
343,-1,10,-1.0,1.0,0.0,-1.0,1.0,0.0,-1.0,-1.0,1.0,0,9,17,0,2,0,17,0,5,25,0
344,0,10,-1.0,1.0,-1.0,1.0,1.0,-1.0,1.0,1.0,1.0,0,12,9,0,2,0,9,0,6,36,0
345,1,10,1.0,0.0,0.0,-1.0,1.0,0.0,-1.0,0.0,1.0,4,16,13,0,2,0,13,0,7,46,0
346,-1,10,-1.0,-1.0,-1.0,1.0,-1.0,1.0,-1.0,0.0,0.0,8,17,20,0,2,0,20,0,4,56,4
347,0,10,-1.0,0.0,-1.0,-1.0,-1.0,0.0,0.0,0.0,-1.0,8,19,18,0,3,0,18,0,3,46,2
348,-1,10,0.0,-1.0,-1.0,0.0,-1.0,0.0,0.0,-1.0,1.0,4,12,16,0,4,0,16,0,7,37,8
349,-1,10,-1.0,-1.0,0.0,-1.0,-1.0,0.0,1.0,0.0,-1.0,2,15,15,0,2,0,15,0,3,55,7
350,-1,10,-1.0,-1.0,-1.0,-1.0,0.0,1.0,-1.0,-1.0,-1.0,3,6,21,0,3,0,21,0,4,34,11
351,1,10,-1.0,-1.0,0.0,-1.0,1.0,-1.0,0.0,-1.0,1.0,3,12,18,0,2,0,18,0,3,40,6
352,0,10,1.0,1.0,-1.0,-1.0,-1.0,1.0,0.0,-1.0,0.0,5,11,12,0,3,0,12,0,6,54,3
353,1,10,-1.0,1.0,0.0,-1.0,1.0,1.0,-1.0,1.0,-1.0,3,7,16,0,3,0,16,0,2,49,3
354,0,10,1.0,-1.0,-1.0,1.0,0.0,-1.0,-1.0,0.0,0.0,8,15,13,0,4,0,13,0,8,53,4
355,0,10,0.0,-1.0,1.0,-1.0,1.0,-1.0,1.0,1.0,1.0,3,11,9,0,0,0,9,0,5,59,7
356,-1,10,0.0,-1.0,0.0,-1.0,1.0,1.0,1.0,1.0,1.0,3,11,12,0,1,0,12,0,4,34,9
357,-1,10,-1.0,-1.0,-1.0,0.0,1.0,1.0,1.0,0.0,-1.0,1,13,12,9,2,0,12,9,7,26,6
358,-1,10,-1.0,-1.0,-1.0,-1.0,-1.0,1.0,0.0,-1.0,1.0,7,14,23,9,2,0,23,9,4,52,4
359,-1,10,-1.0,1.0,-1.0,-1.0,1.0,-1.0,-1.0,-1.0,0.0,3,9,10,21,1,1,10,21,8,54,6
360,-1,10,-1.0,1.0,0.0,-1.0,1.0,1.0,1.0,1.0,-1.0,3,11,21,15,4,0,21,15,5,44,5
361,0,10,-1.0,-1.0,-1.0,1.0,1.0,1.0,-1.0,0.0,0.0,6,13,15,17,6,1,15,17,4,56,4
362,1,10,0.0,-1.0,-1.0,-1.0,1.0,1.0,0.0,1.0,-1.0,5,13,14,5,2,0,14,5,3,38,2
363,1,10,1.0,-1.0,0.0,-1.0,-1.0,-1.0,-1.0,1.0,-1.0,1,7,11,9,1,0,11,9,1,54,1
364,1,10,1.0,1.0,-1.0,0.0,-1.0,0.0,1.0,-1.0,-1.0,7,12,11,9,3,0,11,9,8,48,8
365,1,10,1.0,1.0,1.0,1.0,-1.0,1.0,0.0,-1.0,-1.0,9,24,14,13,3,0,14,13,10,45,2
366,-1,10,1.0,-1.0,1.0,1.0,0.0,1.0,1.0,1.0,1.0,5,13,12,14,1,0,12,14,1,38,8
367,1,10,-1.0,-1.0,1.0,-1.0,-1.0,0.0,0.0,0.0,-1.0,6,13,9,0,1,0,9,0,4,43,1
368,0,10,1.0,1.0,-1.0,-1.0,0.0,1.0,-1.0,0.0,1.0,5,11,20,0,4,0,20,0,5,48,3
369,0,10,-1.0,0.0,-1.0,-1.0,1.0,1.0,-1.0,1.0,0.0,2,5,8,0,1,0,8,0,5,45,3
370,0,17,1.0,1.0,-1.0,-1.0,1.0,1.0,1.0,1.0,1.0,3,2,15,7,4,0,15,7,1,40,4
371,0,17,0.0,-1.0,1.0,1.0,-1.0,0.0,1.0,-1.0,-1.0,2,3,15,5,2,1,15,5,1,57,6
372,1,17,0.0,-1.0,0.0,-1.0,0.0,-1.0,1.0,1.0,-1.0,6,1,16,13,1,0,16,13,3,47,8
373,1,17,1.0,1.0,0.0,-1.0,1.0,-1.0,1.0,0.0,-1.0,2,3,21,5,1,0,21,5,0,46,9
374,1,17,1.0,-1.0,1.0,1.0,1.0,-1.0,-1.0,1.0,-1.0,9,2,10,13,2,0,10,13,4,54,11
375,1,17,1.0,-1.0,1.0,-1.0,1.0,1.0,1.0,1.0,1.0,4,1,12,10,1,0,12,10,2,41,4
376,1,17,-1.0,1.0,-1.0,1.0,0.0,0.0,-1.0,-1.0,1.0,7,1,14,6,2,0,14,6,2,45,10
377,-1,17,1.0,1.0,-1.0,1.0,-1.0,-1.0,-1.0,1.0,-1.0,6,9,13,36,1,0,13,36,2,61,3
378,1,17,1.0,0.0,1.0,-1.0,1.0,1.0,-1.0,1.0,0.0,4,4,18,11,1,0,18,11,5,35,6
379,0,17,1.0,0.0,1.0,0.0,1.0,1.0,1.0,1.0,1.0,7,10,13,22,1,0,13,22,7,54,6
380,1,17,0.0,-1.0,1.0,0.0,1.0,0.0,1.0,-1.0,-1.0,4,6,15,10,1,0,15,10,3,55,6
381,-1,17,1.0,-1.0,0.0,-1.0,1.0,1.0,1.0,0.0,-1.0,6,6,17,19,2,0,17,19,4,54,9
382,0,17,-1.0,0.0,1.0,-1.0,1.0,1.0,-1.0,-1.0,-1.0,11,9,15,18,2,0,15,18,8,63,6
383,1,17,0.0,1.0,-1.0,1.0,1.0,1.0,-1.0,-1.0,1.0,10,10,18,24,1,0,18,24,5,57,7
384,1,17,1.0,-1.0,0.0,1.0,0.0,1.0,1.0,0.0,-1.0,5,5,9,25,2,0,9,25,5,52,9
385,-1,17,1.0,1.0,1.0,-1.0,0.0,-1.0,1.0,-1.0,1.0,10,6,15,41,2,0,15,41,3,62,3
386,1,17,1.0,1.0,1.0,1.0,1.0,0.0,1.0,-1.0,1.0,9,8,18,26,3,0,18,26,7,56,5
387,-1,17,0.0,-1.0,1.0,-1.0,1.0,0.0,1.0,1.0,1.0,1,3,11,8,2,0,11,8,4,31,13
388,1,17,1.0,0.0,-1.0,-1.0,1.0,0.0,0.0,-1.0,0.0,8,7,14,24,1,0,14,24,3,49,6
389,-1,17,-1.0,1.0,0.0,-1.0,-1.0,0.0,0.0,-1.0,-1.0,8,11,15,11,1,0,15,11,13,61,4
390,1,17,-1.0,1.0,-1.0,1.0,0.0,-1.0,-1.0,0.0,-1.0,2,7,15,14,2,0,15,14,6,40,6
391,1,17,1.0,1.0,0.0,0.0,1.0,-1.0,1.0,0.0,1.0,3,2,11,9,1,0,11,9,2,37,13
392,0,17,1.0,-1.0,1.0,1.0,1.0,1.0,1.0,0.0,1.0,4,5,22,5,5,0,22,5,1,52,6
393,-1,17,0.0,-1.0,1.0,-1.0,1.0,1.0,1.0,1.0,1.0,7,7,18,12,3,0,18,12,6,54,5
394,0,17,-1.0,-1.0,0.0,-1.0,0.0,1.0,1.0,1.0,-1.0,8,10,8,17,1,0,8,17,9,67,1
395,-1,17,1.0,0.0,1.0,-1.0,1.0,1.0,1.0,0.0,1.0,0,9,13,0,2,0,13,0,2,31,0
396,-1,17,-1.0,-1.0,1.0,0.0,1.0,0.0,1.0,0.0,0.0,0,17,17,0,2,0,17,0,8,68,0
397,1,17,-1.0,-1.0,-1.0,-1.0,1.0,0.0,1.0,-1.0,1.0,0,15,11,0,0,0,11,0,3,27,0
398,1,17,1.0,-1.0,-1.0,-1.0,1.0,0.0,-1.0,1.0,1.0,0,11,16,0,2,0,16,0,3,52,0
399,1,17,1.0,0.0,1.0,-1.0,-1.0,-1.0,1.0,0.0,1.0,0,24,13,0,2,0,13,0,3,53,0
400,1,17,1.0,0.0,1.0,-1.0,-1.0,-1.0,1.0,0.0,1.0,0,24,13,0,2,0,13,0,3,53,0
401,1,17,1.0,0.0,1.0,-1.0,-1.0,-1.0,1.0,0.0,1.0,0,24,13,0,2,0,13,0,3,53,0
402,1,17,1.0,0.0,1.0,-1.0,-1.0,-1.0,1.0,0.0,1.0,0,24,13,0,2,0,13,0,3,53,0
403,-1,17,1.0,1.0,1.0,0.0,0.0,-1.0,-1.0,1.0,1.0,0,11,10,0,3,1,10,0,4,30,0
404,0,17,-1.0,1.0,1.0,1.0,1.0,0.0,-1.0,-1.0,-1.0,0,17,12,0,1,0,12,0,9,66,0
405,-1,17,-1.0,0.0,-1.0,-1.0,-1.0,1.0,-1.0,0.0,0.0,0,12,18,0,2,0,18,0,3,52,0
406,1,17,-1.0,1.0,-1.0,0.0,1.0,-1.0,-1.0,1.0,-1.0,0,14,20,0,1,0,20,0,2,57,0
407,0,17,1.0,0.0,-1.0,1.0,1.0,-1.0,1.0,-1.0,1.0,0,7,20,0,0,0,20,0,6,40,0
408,1,17,0.0,0.0,1.0,0.0,0.0,1.0,-1.0,-1.0,1.0,0,25,20,0,3,0,20,0,7,67,0
409,0,17,1.0,-1.0,0.0,0.0,1.0,-1.0,1.0,1.0,1.0,0,9,13,0,1,0,13,0,9,43,0
410,-1,17,1.0,-1.0,1.0,0.0,1.0,-1.0,1.0,1.0,1.0,4,11,13,0,1,0,13,0,2,33,8
411,0,17,-1.0,1.0,1.0,-1.0,1.0,-1.0,1.0,-1.0,0.0,4,14,18,0,2,0,18,0,7,43,6
412,1,17,0.0,-1.0,-1.0,1.0,1.0,0.0,1.0,-1.0,-1.0,5,16,18,0,3,0,18,0,5,60,2
413,0,17,1.0,0.0,-1.0,-1.0,0.0,0.0,0.0,0.0,0.0,7,14,18,0,4,0,18,0,4,47,2
414,0,17,1.0,1.0,0.0,1.0,-1.0,-1.0,-1.0,-1.0,0.0,10,23,16,0,0,0,16,0,7,64,4
415,1,17,0.0,0.0,1.0,1.0,0.0,1.0,1.0,-1.0,0.0,6,8,12,0,3,0,12,0,2,54,7
416,-1,17,0.0,-1.0,0.0,1.0,0.0,-1.0,0.0,0.0,-1.0,6,15,16,0,1,1,16,0,3,44,7
417,1,17,1.0,-1.0,-1.0,1.0,0.0,-1.0,1.0,0.0,0.0,4,7,16,0,0,0,16,0,2,51,3
418,1,17,1.0,1.0,1.0,1.0,-1.0,0.0,-1.0,0.0,1.0,7,16,20,0,2,0,20,0,2,57,0
419,1,17,1.0,1.0,1.0,1.0,1.0,-1.0,1.0,1.0,0.0,3,12,8,0,1,0,8,0,4,41,5
420,0,17,1.0,-1.0,1.0,1.0,1.0,-1.0,1.0,0.0,0.0,4,10,11,0,1,1,11,0,1,27,5
421,1,17,0.0,0.0,1.0,-1.0,1.0,-1.0,-1.0,-1.0,0.0,5,11,10,0,0,0,10,0,4,44,2
422,-1,17,1.0,1.0,0.0,0.0,1.0,-1.0,-1.0,0.0,1.0,4,16,18,0,1,1,18,0,9,58,3
423,-1,17,-1.0,-1.0,1.0,1.0,1.0,1.0,1.0,-1.0,1.0,2,10,12,0,2,0,12,0,0,30,7
424,1,17,-1.0,-1.0,-1.0,-1.0,0.0,-1.0,1.0,0.0,1.0,2,15,22,0,2,0,22,0,4,43,5
425,-1,17,1.0,-1.0,-1.0,-1.0,1.0,-1.0,1.0,1.0,0.0,4,12,13,0,1,0,13,0,3,46,3
426,-1,17,1.0,-1.0,1.0,0.0,1.0,1.0,1.0,1.0,0.0,3,6,15,0,4,0,15,0,3,46,3
427,-1,17,-1.0,0.0,1.0,-1.0,-1.0,1.0,0.0,1.0,-1.0,4,18,16,0,4,0,16,0,7,55,5
428,1,17,-1.0,0.0,-1.0,0.0,1.0,1.0,1.0,0.0,1.0,5,20,12,0,1,0,12,0,4,44,5
429,-1,17,1.0,1.0,-1.0,0.0,1.0,1.0,-1.0,1.0,0.0,1,10,10,0,1,1,10,0,1,37,9
430,0,17,-1.0,0.0,1.0,1.0,0.0,0.0,-1.0,-1.0,1.0,2,12,10,0,0,1,10,0,4,44,3
431,-1,17,-1.0,-1.0,-1.0,-1.0,1.0,1.0,1.0,1.0,1.0,4,6,18,0,3,1,18,0,3,36,5
432,-1,17,-1.0,1.0,-1.0,-1.0,1.0,1.0,1.0,0.0,1.0,5,15,15,0,2,0,15,0,6,39,6
433,0,17,-1.0,0.0,-1.0,1.0,-1.0,1.0,1.0,-1.0,-1.0,3,15,4,0,1,0,4,0,7,51,3
434,-1,17,0.0,0.0,0.0,1.0,0.0,1.0,0.0,1.0,0.0,2,11,11,9,0,0,11,9,3,33,6
435,1,17,0.0,0.0,0.0,0.0,-1.0,0.0,-1.0,1.0,1.0,2,9,15,16,1,0,15,16,5,58,3
436,1,17,1.0,-1.0,0.0,0.0,1.0,-1.0,-1.0,-1.0,1.0,6,18,7,11,1,0,7,11,5,52,3
437,0,17,1.0,1.0,1.0,-1.0,-1.0,-1.0,-1.0,1.0,-1.0,3,15,17,10,4,0,17,10,6,55,5
438,0,17,0.0,1.0,1.0,1.0,1.0,0.0,0.0,0.0,1.0,3,14,9,7,3,0,9,7,8,42,3
439,1,17,1.0,1.0,0.0,1.0,0.0,-1.0,-1.0,-1.0,1.0,5,11,15,4,1,1,15,4,7,49,3
440,0,17,1.0,-1.0,1.0,1.0,-1.0,-1.0,1.0,-1.0,0.0,6,20,10,8,1,0,10,8,7,59,7
441,1,17,0.0,1.0,-1.0,1.0,0.0,1.0,-1.0,1.0,1.0,7,15,15,7,3,0,15,7,8,45,5
442,0,17,-1.0,0.0,0.0,0.0,-1.0,0.0,-1.0,-1.0,1.0,4,14,8,6,0,0,8,6,4,43,1
443,-1,17,0.0,-1.0,-1.0,0.0,-1.0,-1.0,-1.0,-1.0,0.0,2,8,14,0,0,0,14,0,3,67,7
444,-1,17,-1.0,-1.0,0.0,-1.0,0.0,1.0,-1.0,0.0,-1.0,1,9,19,0,5,0,19,0,4,41,2
445,0,17,-1.0,-1.0,-1.0,-1.0,-1.0,1.0,-1.0,1.0,1.0,3,4,14,0,4,0,14,0,1,33,3
446,-1,17,0.0,0.0,-1.0,-1.0,-1.0,0.0,1.0,-1.0,1.0,3,11,12,0,4,0,12,0,2,49,5
447,1,12,-1.0,0.0,-1.0,-1.0,-1.0,-1.0,0.0,1.0,1.0,5,5,17,21,1,0,17,21,6,37,9
448,-1,12,1.0,-1.0,-1.0,0.0,-1.0,-1.0,1.0,1.0,1.0,9,4,13,25,3,0,13,25,5,52,6
449,0,12,-1.0,0.0,1.0,-1.0,1.0,1.0,0.0,0.0,1.0,7,8,15,27,3,0,15,27,9,48,4
450,1,12,0.0,0.0,-1.0,0.0,-1.0,-1.0,0.0,0.0,1.0,8,5,9,15,1,0,9,15,6,54,5
451,-1,12,-1.0,-1.0,1.0,1.0,1.0,0.0,1.0,1.0,1.0,3,2,21,4,2,0,21,4,4,37,11
452,1,12,-1.0,-1.0,-1.0,-1.0,0.0,1.0,-1.0,-1.0,-1.0,2,6,15,11,2,0,15,11,1,46,6
453,1,12,1.0,-1.0,-1.0,-1.0,1.0,-1.0,1.0,1.0,-1.0,7,5,17,23,2,0,17,23,9,52,4
454,0,12,1.0,1.0,1.0,-1.0,1.0,-1.0,-1.0,1.0,-1.0,8,4,12,19,3,0,12,19,5,71,1
455,0,12,0.0,0.0,-1.0,1.0,1.0,1.0,0.0,0.0,1.0,6,2,20,20,2,0,20,20,1,45,3
456,1,12,0.0,-1.0,0.0,0.0,1.0,0.0,1.0,0.0,1.0,3,4,20,14,5,0,20,14,5,54,7
457,0,12,0.0,-1.0,1.0,-1.0,1.0,1.0,1.0,1.0,0.0,9,8,17,17,3,0,17,17,8,46,6
458,1,12,-1.0,0.0,-1.0,0.0,0.0,1.0,-1.0,-1.0,-1.0,3,6,20,16,3,0,20,16,1,45,6
459,1,12,1.0,-1.0,-1.0,0.0,1.0,-1.0,1.0,0.0,1.0,2,3,20,8,2,0,20,8,3,43,10
460,0,12,1.0,0.0,1.0,-1.0,-1.0,1.0,-1.0,1.0,0.0,3,6,17,18,2,0,17,18,7,53,5
461,1,12,0.0,-1.0,1.0,0.0,1.0,0.0,1.0,0.0,-1.0,8,3,14,16,2,0,14,16,4,49,7
462,-1,12,0.0,-1.0,0.0,1.0,1.0,1.0,1.0,-1.0,-1.0,2,4,18,12,4,0,18,12,1,49,1
463,0,12,-1.0,-1.0,0.0,-1.0,1.0,1.0,1.0,1.0,1.0,1,4,12,8,4,0,12,8,5,32,2
464,-1,12,0.0,1.0,-1.0,-1.0,-1.0,-1.0,1.0,0.0,0.0,4,3,13,13,2,0,13,13,3,42,8
465,1,12,-1.0,-1.0,-1.0,0.0,0.0,0.0,-1.0,-1.0,1.0,6,6,14,14,3,0,14,14,6,51,6
466,1,12,-1.0,-1.0,-1.0,-1.0,-1.0,0.0,-1.0,0.0,1.0,5,4,13,21,2,0,13,21,3,45,12
467,0,12,-1.0,-1.0,0.0,1.0,0.0,-1.0,1.0,1.0,-1.0,5,3,12,22,1,0,12,22,5,51,2
468,-1,12,1.0,-1.0,0.0,-1.0,0.0,1.0,1.0,-1.0,1.0,4,8,22,29,3,0,22,29,8,52,4
469,1,12,-1.0,-1.0,1.0,-1.0,-1.0,0.0,1.0,0.0,-1.0,4,2,22,17,4,0,22,17,5,53,2
470,1,12,1.0,-1.0,-1.0,-1.0,1.0,1.0,1.0,0.0,1.0,2,2,19,9,5,0,19,9,3,22,12
471,1,12,1.0,1.0,1.0,-1.0,1.0,0.0,1.0,-1.0,-1.0,0,11,11,0,2,1,11,0,7,44,0
472,1,12,1.0,-1.0,1.0,1.0,1.0,-1.0,1.0,-1.0,1.0,0,17,22,0,3,0,22,0,1,40,0
473,0,12,1.0,-1.0,1.0,-1.0,-1.0,1.0,1.0,1.0,0.0,0,11,15,0,4,0,15,0,4,57,0
474,0,12,0.0,1.0,1.0,-1.0,0.0,1.0,1.0,1.0,1.0,0,13,18,0,3,1,18,0,2,37,0
475,1,12,1.0,0.0,-1.0,0.0,1.0,-1.0,1.0,0.0,0.0,0,9,20,0,3,0,20,0,4,48,0
476,1,12,1.0,0.0,-1.0,0.0,1.0,-1.0,1.0,0.0,0.0,0,9,20,0,3,0,20,0,4,48,0
477,1,12,1.0,0.0,-1.0,0.0,1.0,-1.0,1.0,0.0,0.0,0,9,20,0,3,0,20,0,4,48,0
478,1,12,1.0,0.0,-1.0,0.0,1.0,-1.0,1.0,0.0,0.0,0,9,20,0,3,0,20,0,4,48,0
479,1,12,1.0,0.0,1.0,0.0,1.0,1.0,0.0,0.0,0.0,0,12,18,0,4,0,18,0,4,31,0
480,0,12,1.0,1.0,1.0,0.0,1.0,0.0,0.0,0.0,1.0,0,15,28,0,4,1,28,0,11,43,0
481,1,12,0.0,0.0,1.0,1.0,1.0,-1.0,-1.0,-1.0,1.0,0,9,14,0,3,0,14,0,6,57,0
482,-1,12,-1.0,-1.0,1.0,1.0,-1.0,0.0,1.0,-1.0,1.0,0,15,13,0,2,0,13,0,12,47,0
483,0,12,-1.0,-1.0,-1.0,-1.0,-1.0,-1.0,1.0,1.0,-1.0,0,15,13,0,4,0,13,0,10,63,0
484,0,12,0.0,0.0,-1.0,-1.0,1.0,1.0,1.0,0.0,1.0,0,16,19,0,2,0,19,0,4,62,0
485,1,12,0.0,-1.0,0.0,0.0,1.0,-1.0,-1.0,-1.0,0.0,0,20,14,0,2,0,14,0,4,74,0
486,-1,12,0.0,-1.0,-1.0,-1.0,-1.0,-1.0,0.0,1.0,-1.0,6,13,18,0,3,0,18,0,7,48,3
487,-1,12,-1.0,0.0,0.0,-1.0,1.0,0.0,-1.0,0.0,0.0,8,23,13,0,2,0,13,0,4,66,3
488,0,12,1.0,-1.0,1.0,-1.0,-1.0,1.0,1.0,1.0,1.0,7,14,14,0,2,0,14,0,4,37,7
489,-1,12,1.0,0.0,0.0,1.0,0.0,0.0,1.0,1.0,0.0,4,14,20,0,4,0,20,0,9,49,4
490,-1,12,-1.0,0.0,1.0,0.0,1.0,-1.0,1.0,1.0,1.0,3,11,16,0,2,0,16,0,5,52,1
491,0,12,-1.0,1.0,-1.0,0.0,1.0,0.0,0.0,0.0,1.0,2,6,22,0,4,0,22,0,4,37,5
492,0,12,1.0,-1.0,1.0,-1.0,0.0,1.0,1.0,0.0,1.0,4,14,13,0,0,0,13,0,8,64,3
493,1,12,0.0,0.0,1.0,-1.0,1.0,-1.0,1.0,-1.0,0.0,2,8,14,0,5,0,14,0,4,47,2
494,1,12,1.0,1.0,0.0,0.0,-1.0,0.0,1.0,1.0,1.0,8,13,20,0,2,0,20,0,4,57,4
495,1,12,1.0,-1.0,1.0,1.0,-1.0,0.0,0.0,1.0,-1.0,6,15,9,0,0,0,9,0,4,53,1
496,0,12,1.0,-1.0,1.0,-1.0,1.0,0.0,1.0,1.0,0.0,4,14,13,0,0,0,13,0,8,64,3
497,-1,12,0.0,-1.0,1.0,-1.0,1.0,-1.0,0.0,1.0,0.0,3,13,9,0,1,1,9,0,5,54,3
498,-1,12,-1.0,1.0,-1.0,-1.0,0.0,1.0,0.0,0.0,-1.0,1,5,8,0,1,1,8,0,8,43,7
499,1,12,0.0,1.0,1.0,1.0,1.0,0.0,-1.0,1.0,1.0,4,14,7,0,0,0,7,0,10,51,1
500,-1,12,1.0,1.0,0.0,1.0,1.0,-1.0,-1.0,1.0,-1.0,2,13,11,0,3,0,11,0,9,55,3
501,1,12,-1.0,1.0,1.0,1.0,1.0,0.0,1.0,-1.0,-1.0,7,17,10,0,6,0,10,0,10,47,6
502,-1,12,1.0,-1.0,-1.0,1.0,1.0,1.0,1.0,1.0,0.0,3,10,10,0,2,0,10,0,3,38,7
503,1,12,0.0,1.0,-1.0,-1.0,1.0,0.0,-1.0,1.0,-1.0,4,18,19,0,1,1,19,0,8,44,6
504,0,12,1.0,-1.0,0.0,1.0,1.0,1.0,1.0,-1.0,1.0,7,12,15,0,2,0,15,0,6,40,4
505,0,12,0.0,0.0,1.0,-1.0,-1.0,1.0,1.0,1.0,-1.0,4,13,12,0,3,0,12,0,8,40,5
506,1,12,0.0,0.0,0.0,0.0,0.0,1.0,0.0,0.0,1.0,10,19,9,0,0,0,9,0,4,51,7
507,-1,12,1.0,1.0,1.0,1.0,-1.0,-1.0,1.0,0.0,1.0,4,18,19,0,1,1,19,0,8,44,6
508,0,12,-1.0,1.0,1.0,1.0,0.0,-1.0,-1.0,-1.0,-1.0,4,11,15,0,0,0,15,0,2,48,3
509,-1,12,0.0,0.0,-1.0,1.0,0.0,-1.0,1.0,-1.0,1.0,4,13,10,0,1,0,10,0,9,58,4
510,1,12,-1.0,-1.0,0.0,0.0,-1.0,-1.0,0.0,-1.0,1.0,8,15,19,11,3,0,19,11,10,31,1
511,0,12,1.0,-1.0,1.0,-1.0,1.0,-1.0,1.0,1.0,1.0,3,18,18,11,2,0,18,11,5,37,7
512,0,12,0.0,-1.0,1.0,-1.0,0.0,-1.0,1.0,1.0,-1.0,7,25,12,37,2,0,12,37,10,63,5
513,1,12,1.0,0.0,-1.0,1.0,0.0,1.0,1.0,-1.0,0.0,5,10,11,9,1,0,11,9,4,34,10
514,1,12,1.0,0.0,1.0,0.0,1.0,0.0,-1.0,1.0,1.0,11,17,14,10,1,0,14,10,3,39,3
515,-1,12,1.0,-1.0,1.0,0.0,-1.0,-1.0,0.0,0.0,1.0,9,17,13,28,3,0,13,28,12,70,6
516,0,12,-1.0,-1.0,1.0,-1.0,-1.0,-1.0,-1.0,-1.0,-1.0,6,25,11,22,3,0,11,22,16,64,3
517,-1,12,0.0,-1.0,-1.0,-1.0,1.0,-1.0,0.0,-1.0,-1.0,6,17,12,16,2,0,12,16,7,43,9
518,1,12,1.0,1.0,-1.0,-1.0,1.0,-1.0,-1.0,-1.0,1.0,9,13,8,16,1,0,8,16,1,60,5
519,-1,12,1.0,-1.0,-1.0,1.0,-1.0,1.0,0.0,1.0,1.0,4,14,19,0,5,0,19,0,5,52,8
520,0,12,-1.0,-1.0,1.0,-1.0,-1.0,0.0,1.0,-1.0,-1.0,13,21,18,0,4,0,18,0,9,58,4
521,-1,12,0.0,-1.0,-1.0,-1.0,-1.0,0.0,-1.0,0.0,0.0,0,9,17,0,3,0,17,0,7,61,3
522,1,12,-1.0,1.0,0.0,-1.0,0.0,0.0,-1.0,-1.0,-1.0,5,14,9,0,3,0,9,0,5,59,3
523,0,4,-1.0,-1.0,0.0,1.0,0.0,-1.0,1.0,1.0,-1.0,5,8,11,19,1,0,11,19,4,55,3
524,0,4,0.0,-1.0,-1.0,-1.0,-1.0,-1.0,0.0,-1.0,-1.0,9,4,16,21,0,0,16,21,7,52,4
525,0,4,0.0,-1.0,0.0,-1.0,1.0,-1.0,0.0,1.0,1.0,5,3,21,17,3,0,21,17,5,57,7
526,-1,4,0.0,0.0,0.0,-1.0,1.0,1.0,-1.0,1.0,0.0,9,4,10,28,1,0,10,28,6,48,9
527,1,4,-1.0,-1.0,0.0,0.0,1.0,-1.0,1.0,-1.0,1.0,8,8,13,11,1,0,13,11,3,51,4
528,1,4,-1.0,0.0,0.0,-1.0,0.0,0.0,-1.0,1.0,1.0,6,4,11,14,3,0,11,14,3,52,5
529,-1,4,1.0,0.0,-1.0,0.0,-1.0,0.0,-1.0,0.0,-1.0,4,2,11,8,1,0,11,8,3,55,10
530,0,4,-1.0,-1.0,1.0,0.0,1.0,-1.0,-1.0,-1.0,1.0,6,1,20,16,2,1,20,16,4,55,4
531,-1,4,0.0,1.0,-1.0,-1.0,-1.0,0.0,1.0,1.0,1.0,8,6,16,29,2,0,16,29,6,58,4
532,1,4,-1.0,-1.0,0.0,1.0,-1.0,1.0,-1.0,0.0,-1.0,9,4,16,23,1,0,16,23,4,45,10
533,1,4,-1.0,-1.0,-1.0,0.0,0.0,0.0,1.0,-1.0,0.0,5,3,8,16,3,0,8,16,5,46,7
534,-1,4,1.0,1.0,-1.0,-1.0,-1.0,0.0,0.0,1.0,0.0,11,8,16,21,1,0,16,21,10,60,4
535,1,4,-1.0,0.0,-1.0,0.0,-1.0,-1.0,1.0,1.0,1.0,2,4,16,10,1,0,16,10,2,24,6
536,1,4,-1.0,1.0,0.0,-1.0,1.0,1.0,1.0,0.0,1.0,0,18,17,0,2,0,17,0,3,34,0
537,1,4,1.0,-1.0,1.0,-1.0,0.0,1.0,1.0,-1.0,1.0,0,11,12,0,4,0,12,0,9,37,0
538,1,4,1.0,-1.0,1.0,-1.0,0.0,-1.0,1.0,0.0,-1.0,0,12,7,0,1,0,7,0,0,54,0
539,-1,4,1.0,-1.0,1.0,-1.0,-1.0,-1.0,-1.0,0.0,-1.0,0,13,10,0,2,1,10,0,6,61,0
540,-1,4,1.0,-1.0,1.0,-1.0,-1.0,-1.0,-1.0,0.0,-1.0,0,13,10,0,2,1,10,0,6,61,0
541,-1,4,1.0,-1.0,1.0,-1.0,-1.0,-1.0,-1.0,0.0,-1.0,0,13,10,0,2,1,10,0,6,61,0
542,-1,4,1.0,-1.0,1.0,-1.0,-1.0,-1.0,-1.0,0.0,-1.0,0,13,10,0,2,1,10,0,6,61,0
543,1,4,1.0,0.0,1.0,0.0,-1.0,1.0,-1.0,-1.0,1.0,0,11,11,0,0,0,11,0,6,38,0
544,1,4,1.0,-1.0,1.0,0.0,1.0,1.0,0.0,0.0,0.0,0,12,17,0,1,0,17,0,7,59,0
545,-1,4,1.0,-1.0,1.0,-1.0,1.0,-1.0,1.0,0.0,1.0,0,8,8,0,1,0,8,0,5,36,0
546,0,4,-1.0,0.0,1.0,-1.0,1.0,0.0,1.0,-1.0,1.0,0,6,12,0,2,0,12,0,6,40,0
547,-1,4,0.0,1.0,-1.0,0.0,1.0,0.0,1.0,1.0,1.0,0,13,9,0,2,0,9,0,5,67,0
548,1,4,-1.0,0.0,0.0,1.0,-1.0,-1.0,-1.0,-1.0,0.0,0,7,12,0,0,0,12,0,1,40,0
549,1,4,1.0,1.0,-1.0,0.0,0.0,-1.0,1.0,0.0,-1.0,0,11,7,0,2,0,7,0,5,42,0
550,0,4,0.0,1.0,-1.0,1.0,0.0,-1.0,-1.0,-1.0,1.0,1,7,8,0,1,0,8,0,3,58,2
551,0,4,0.0,-1.0,0.0,1.0,1.0,1.0,1.0,0.0,1.0,2,6,10,0,0,1,10,0,0,17,3
552,1,4,0.0,-1.0,0.0,-1.0,1.0,1.0,0.0,1.0,0.0,6,15,13,0,2,0,13,0,9,42,6
553,0,4,1.0,0.0,0.0,-1.0,-1.0,0.0,-1.0,1.0,0.0,8,20,21,0,4,0,21,0,6,58,3
554,-1,4,0.0,-1.0,1.0,0.0,0.0,1.0,1.0,0.0,-1.0,2,13,14,0,1,0,14,0,6,52,4
555,1,4,-1.0,-1.0,0.0,-1.0,1.0,0.0,0.0,-1.0,1.0,5,16,15,0,3,0,15,0,2,46,5
556,1,4,0.0,1.0,-1.0,-1.0,0.0,-1.0,1.0,1.0,0.0,5,23,8,0,0,0,8,0,5,43,3
557,0,4,1.0,0.0,0.0,1.0,1.0,1.0,-1.0,0.0,1.0,5,11,20,0,7,0,20,0,2,36,3
558,1,4,0.0,0.0,1.0,0.0,1.0,1.0,0.0,-1.0,0.0,3,7,13,0,2,0,13,0,0,37,3
559,-1,4,1.0,-1.0,0.0,0.0,0.0,1.0,1.0,1.0,1.0,1,5,8,0,1,0,8,0,4,39,4
560,-1,4,-1.0,0.0,-1.0,0.0,0.0,-1.0,-1.0,-1.0,0.0,1,13,17,0,0,0,17,0,9,61,2
561,1,4,-1.0,-1.0,-1.0,-1.0,0.0,-1.0,0.0,-1.0,1.0,8,15,15,0,2,0,15,0,2,41,2
562,1,4,1.0,-1.0,-1.0,-1.0,-1.0,0.0,1.0,0.0,-1.0,3,12,13,0,1,0,13,0,5,47,2
563,-1,4,-1.0,1.0,-1.0,-1.0,-1.0,1.0,-1.0,-1.0,-1.0,6,22,7,0,1,0,7,0,6,53,2
564,1,4,0.0,-1.0,-1.0,1.0,-1.0,-1.0,-1.0,-1.0,1.0,4,15,13,0,2,0,13,0,3,42,3
565,0,4,1.0,1.0,0.0,-1.0,-1.0,1.0,1.0,-1.0,-1.0,1,7,13,0,3,0,13,0,3,43,0
566,1,4,0.0,-1.0,1.0,1.0,1.0,1.0,0.0,1.0,-1.0,7,13,9,0,1,0,9,0,3,41,2
567,-1,4,1.0,0.0,0.0,-1.0,1.0,-1.0,-1.0,0.0,-1.0,4,15,20,0,2,0,20,0,3,58,9
568,0,4,0.0,1.0,0.0,0.0,-1.0,-1.0,-1.0,1.0,1.0,9,23,7,0,0,0,7,0,5,46,8
569,-1,4,1.0,0.0,-1.0,1.0,-1.0,0.0,0.0,0.0,0.0,8,20,17,0,0,0,17,0,6,42,11
570,0,4,-1.0,-1.0,1.0,0.0,1.0,-1.0,-1.0,1.0,1.0,4,10,16,0,3,0,16,0,9,49,4
571,1,4,0.0,0.0,-1.0,-1.0,-1.0,-1.0,1.0,-1.0,-1.0,11,19,15,0,0,0,15,0,8,40,4
572,1,4,1.0,0.0,0.0,0.0,1.0,-1.0,0.0,1.0,-1.0,4,9,10,0,1,0,10,0,3,35,6
573,0,4,1.0,-1.0,1.0,0.0,1.0,1.0,1.0,1.0,1.0,5,12,9,0,3,0,9,0,1,29,8
574,-1,4,-1.0,0.0,0.0,1.0,1.0,-1.0,1.0,1.0,1.0,2,11,11,0,2,0,11,0,5,41,6
575,1,4,-1.0,0.0,-1.0,-1.0,1.0,1.0,0.0,-1.0,1.0,6,20,10,12,1,0,10,12,7,59,7
576,-1,4,1.0,1.0,-1.0,0.0,-1.0,-1.0,-1.0,-1.0,-1.0,1,15,6,11,0,0,6,11,5,53,3
577,0,4,-1.0,1.0,1.0,1.0,1.0,-1.0,0.0,-1.0,-1.0,5,17,13,12,1,0,13,12,7,62,2
578,0,4,0.0,1.0,-1.0,1.0,0.0,0.0,1.0,-1.0,1.0,1,6,10,11,0,0,10,11,3,34,4
579,1,4,1.0,-1.0,0.0,1.0,1.0,-1.0,1.0,0.0,1.0,7,13,7,18,1,1,7,18,8,52,6
580,1,4,0.0,1.0,0.0,1.0,-1.0,1.0,-1.0,-1.0,0.0,3,10,14,14,0,0,14,14,2,49,0
581,-1,4,1.0,-1.0,0.0,1.0,1.0,-1.0,-1.0,1.0,1.0,5,15,6,11,0,0,6,11,6,35,10
582,1,4,-1.0,1.0,0.0,-1.0,1.0,1.0,-1.0,1.0,1.0,6,12,10,13,3,0,10,13,5,49,6
583,-1,4,1.0,-1.0,-1.0,0.0,-1.0,0.0,-1.0,-1.0,-1.0,8,15,12,0,0,0,12,0,7,61,2
584,-1,4,-1.0,0.0,1.0,-1.0,-1.0,1.0,1.0,1.0,0.0,2,6,8,0,0,0,8,0,6,39,1
585,1,4,0.0,-1.0,0.0,1.0,1.0,0.0,-1.0,1.0,-1.0,5,14,14,0,4,0,14,0,3,40,3
586,1,4,1.0,-1.0,0.0,-1.0,-1.0,-1.0,1.0,0.0,1.0,6,8,6,0,0,0,6,0,5,49,4
587,1,4,1.0,0.0,1.0,-1.0,-1.0,-1.0,0.0,0.0,-1.0,7,11,13,0,1,0,13,0,1,55,5
588,-1,1,1.0,0.0,1.0,1.0,1.0,1.0,0.0,1.0,1.0,7,2,14,26,1,0,14,26,8,57,1
589,1,1,-1.0,1.0,1.0,0.0,0.0,-1.0,-1.0,-1.0,0.0,3,5,10,3,1,0,10,3,3,62,2
590,1,1,-1.0,-1.0,-1.0,-1.0,1.0,0.0,1.0,0.0,1.0,11,8,7,15,3,0,7,15,7,53,0
591,1,1,0.0,1.0,-1.0,-1.0,1.0,-1.0,-1.0,-1.0,1.0,12,6,20,16,1,0,20,16,8,52,4
592,0,1,1.0,-1.0,0.0,1.0,0.0,1.0,1.0,-1.0,1.0,8,6,11,25,1,0,11,25,4,35,6
593,-1,1,-1.0,0.0,-1.0,1.0,1.0,1.0,-1.0,-1.0,1.0,9,6,12,22,0,0,12,22,4,50,2
594,1,1,-1.0,0.0,-1.0,0.0,-1.0,0.0,1.0,-1.0,0.0,8,10,15,12,0,0,15,12,7,54,2
595,1,1,1.0,1.0,-1.0,0.0,0.0,-1.0,1.0,0.0,1.0,14,13,12,20,2,0,12,20,9,59,0
596,0,1,1.0,1.0,1.0,1.0,1.0,-1.0,0.0,-1.0,0.0,5,4,14,37,2,0,14,37,5,68,4
597,-1,1,0.0,0.0,1.0,1.0,-1.0,1.0,1.0,1.0,1.0,3,4,17,14,2,0,17,14,2,47,1
598,1,1,-1.0,-1.0,1.0,0.0,0.0,-1.0,0.0,-1.0,1.0,6,6,22,17,3,0,22,17,2,41,3
599,1,1,1.0,1.0,-1.0,-1.0,-1.0,-1.0,0.0,0.0,1.0,7,4,16,13,2,0,16,13,7,47,2
600,1,1,1.0,0.0,1.0,1.0,-1.0,0.0,1.0,0.0,1.0,6,12,11,24,0,0,11,24,9,67,3
601,1,1,-1.0,1.0,0.0,1.0,-1.0,1.0,1.0,1.0,1.0,5,8,13,11,0,0,13,11,3,59,2
602,1,1,1.0,1.0,-1.0,1.0,0.0,1.0,-1.0,0.0,-1.0,5,7,15,18,0,0,15,18,5,60,3
603,1,1,1.0,1.0,1.0,1.0,-1.0,-1.0,1.0,1.0,-1.0,11,7,10,11,1,0,10,11,3,56,4
604,1,1,-1.0,0.0,0.0,1.0,-1.0,0.0,-1.0,-1.0,1.0,8,4,7,14,0,0,7,14,6,58,2
605,1,1,1.0,1.0,-1.0,0.0,0.0,-1.0,1.0,-1.0,1.0,6,4,10,15,3,0,10,15,5,63,3
606,1,1,1.0,-1.0,1.0,1.0,-1.0,-1.0,-1.0,0.0,0.0,10,10,4,28,0,0,4,28,14,76,1
607,1,1,1.0,0.0,1.0,1.0,1.0,0.0,-1.0,-1.0,0.0,11,11,9,25,0,0,9,25,11,70,5
608,0,1,1.0,1.0,1.0,0.0,-1.0,1.0,1.0,1.0,0.0,4,7,10,7,1,0,10,7,2,57,5
609,1,1,1.0,1.0,1.0,1.0,0.0,1.0,1.0,-1.0,1.0,15,3,8,8,0,0,8,8,8,62,1
610,1,1,1.0,0.0,1.0,1.0,0.0,-1.0,1.0,1.0,0.0,9,12,13,17,1,0,13,17,11,66,3
611,1,1,1.0,0.0,1.0,1.0,-1.0,-1.0,0.0,-1.0,0.0,8,4,8,19,2,0,8,19,7,60,3
612,0,1,1.0,1.0,1.0,0.0,0.0,0.0,1.0,1.0,-1.0,7,4,7,27,1,0,7,27,2,82,3
613,0,1,1.0,1.0,1.0,0.0,0.0,0.0,1.0,1.0,-1.0,7,4,7,27,1,0,7,27,2,82,3
614,0,1,1.0,1.0,1.0,0.0,0.0,0.0,1.0,1.0,-1.0,7,4,7,27,1,0,7,27,2,82,3
615,0,1,1.0,1.0,1.0,0.0,0.0,0.0,1.0,1.0,-1.0,7,4,7,27,1,0,7,27,2,82,3
616,1,1,-1.0,1.0,1.0,1.0,0.0,1.0,0.0,-1.0,-1.0,0,17,3,0,0,0,3,0,7,74,0
617,1,1,1.0,-1.0,1.0,0.0,1.0,-1.0,1.0,-1.0,-1.0,0,24,8,0,2,0,8,0,15,71,0
618,0,1,1.0,1.0,1.0,-1.0,1.0,0.0,-1.0,1.0,1.0,0,15,13,0,1,1,13,0,5,75,0
619,0,1,0.0,-1.0,1.0,1.0,1.0,0.0,1.0,-1.0,-1.0,0,9,14,0,4,0,14,0,1,66,0
620,1,1,0.0,0.0,0.0,-1.0,0.0,1.0,1.0,0.0,0.0,0,11,14,0,3,0,14,0,3,33,0
621,1,1,1.0,1.0,0.0,0.0,0.0,-1.0,-1.0,0.0,-1.0,0,15,10,0,1,0,10,0,9,65,0
622,0,1,0.0,1.0,-1.0,1.0,1.0,-1.0,0.0,0.0,0.0,0,23,10,0,1,0,10,0,6,75,0
623,1,1,1.0,0.0,1.0,0.0,1.0,-1.0,-1.0,1.0,1.0,0,24,17,0,2,0,17,0,9,63,0
624,1,1,1.0,-1.0,1.0,0.0,-1.0,1.0,1.0,-1.0,-1.0,0,20,8,0,0,0,8,0,7,54,0
625,1,1,1.0,0.0,1.0,-1.0,0.0,-1.0,0.0,0.0,-1.0,0,15,12,0,0,0,12,0,4,65,0
626,0,1,1.0,-1.0,1.0,0.0,0.0,-1.0,-1.0,1.0,-1.0,0,23,8,0,2,0,8,0,9,72,0
627,0,1,1.0,-1.0,1.0,0.0,0.0,-1.0,-1.0,1.0,-1.0,0,23,8,0,2,0,8,0,9,72,0
628,0,1,1.0,-1.0,1.0,0.0,0.0,-1.0,-1.0,1.0,-1.0,0,23,8,0,2,0,8,0,9,72,0
629,0,1,1.0,-1.0,1.0,0.0,0.0,-1.0,-1.0,1.0,-1.0,0,23,8,0,2,0,8,0,9,72,0
630,1,1,1.0,0.0,1.0,1.0,-1.0,-1.0,1.0,1.0,1.0,11,28,15,0,4,0,15,0,9,64,5
631,1,1,1.0,0.0,1.0,0.0,1.0,-1.0,1.0,-1.0,-1.0,8,18,12,0,1,0,12,0,4,67,4
632,1,1,1.0,1.0,1.0,0.0,-1.0,-1.0,-1.0,1.0,0.0,8,22,11,0,0,0,11,0,8,74,2
633,1,1,1.0,0.0,1.0,1.0,1.0,0.0,-1.0,0.0,1.0,9,18,3,0,0,0,3,0,7,80,5
634,-1,1,0.0,-1.0,1.0,1.0,1.0,1.0,1.0,0.0,0.0,4,15,12,0,2,0,12,0,4,49,5
635,0,1,-1.0,-1.0,0.0,-1.0,1.0,1.0,0.0,1.0,1.0,6,11,18,0,3,1,18,0,3,46,7
636,-1,1,0.0,-1.0,-1.0,-1.0,1.0,-1.0,1.0,-1.0,-1.0,5,12,8,0,0,0,8,0,4,68,4
637,1,1,-1.0,0.0,0.0,-1.0,1.0,-1.0,1.0,-1.0,0.0,3,18,7,0,0,0,7,0,6,45,5
638,0,1,1.0,-1.0,0.0,0.0,-1.0,0.0,0.0,1.0,-1.0,1,18,10,0,1,0,10,0,6,53,4
639,0,1,0.0,1.0,1.0,-1.0,1.0,0.0,0.0,1.0,1.0,4,12,11,0,1,0,11,0,5,71,3
640,0,1,1.0,1.0,0.0,0.0,-1.0,-1.0,1.0,0.0,-1.0,2,10,8,0,0,0,8,0,3,65,6
641,1,1,0.0,1.0,1.0,1.0,1.0,-1.0,1.0,1.0,-1.0,4,13,19,0,3,0,19,0,5,45,3
642,1,1,1.0,-1.0,1.0,1.0,1.0,1.0,0.0,-1.0,1.0,9,17,11,0,0,0,11,0,7,43,3
643,-1,1,1.0,-1.0,1.0,-1.0,1.0,-1.0,1.0,0.0,0.0,4,12,16,0,3,0,16,0,4,67,5
644,1,1,1.0,-1.0,-1.0,0.0,-1.0,1.0,-1.0,1.0,-1.0,6,10,11,0,0,0,11,0,7,61,2
645,1,1,1.0,0.0,1.0,0.0,1.0,0.0,-1.0,-1.0,0.0,8,20,4,0,1,0,4,0,9,66,6
646,0,1,1.0,1.0,1.0,0.0,0.0,0.0,1.0,-1.0,1.0,5,19,7,0,2,0,7,0,8,58,4
647,1,1,0.0,1.0,1.0,1.0,0.0,1.0,1.0,-1.0,-1.0,5,11,4,0,3,0,4,0,0,43,3
648,1,1,1.0,1.0,0.0,1.0,0.0,-1.0,0.0,1.0,0.0,4,11,7,0,1,0,7,0,2,68,1
649,1,1,1.0,1.0,1.0,1.0,1.0,-1.0,0.0,-1.0,-1.0,9,16,12,0,1,0,12,0,4,53,5
650,1,1,1.0,1.0,1.0,1.0,1.0,0.0,1.0,-1.0,1.0,4,12,5,0,0,0,5,0,4,55,2
651,0,1,1.0,1.0,1.0,-1.0,0.0,1.0,-1.0,0.0,0.0,7,16,7,0,0,0,7,0,7,60,6
652,1,1,0.0,0.0,1.0,1.0,1.0,1.0,1.0,1.0,-1.0,4,9,10,0,1,0,10,0,3,33,4
653,1,1,1.0,-1.0,1.0,0.0,1.0,-1.0,0.0,1.0,1.0,5,11,11,0,0,0,11,0,5,54,3
654,1,1,1.0,1.0,1.0,-1.0,1.0,-1.0,-1.0,-1.0,-1.0,7,12,12,0,0,0,12,0,4,61,9
655,-1,1,1.0,-1.0,1.0,1.0,-1.0,0.0,-1.0,1.0,-1.0,2,8,11,0,0,2,11,0,2,70,4
656,1,1,1.0,0.0,-1.0,1.0,-1.0,-1.0,0.0,-1.0,1.0,10,22,8,7,0,0,8,7,10,79,1
657,1,1,1.0,1.0,1.0,1.0,0.0,1.0,1.0,1.0,0.0,7,9,9,5,0,0,9,5,3,33,2
658,0,1,1.0,-1.0,1.0,1.0,-1.0,1.0,1.0,-1.0,-1.0,7,18,8,21,1,0,8,21,9,66,5
659,1,1,0.0,0.0,1.0,-1.0,1.0,1.0,1.0,1.0,-1.0,7,16,13,4,1,0,13,4,10,55,3
660,1,1,1.0,0.0,0.0,0.0,0.0,0.0,1.0,1.0,0.0,8,17,12,12,1,0,12,12,7,65,3
661,1,1,-1.0,0.0,1.0,1.0,1.0,1.0,1.0,1.0,-1.0,9,14,6,5,1,0,6,5,1,60,5
662,1,1,1.0,1.0,1.0,-1.0,1.0,0.0,1.0,1.0,-1.0,7,17,7,11,0,0,7,11,5,64,0
663,1,1,1.0,-1.0,1.0,1.0,-1.0,0.0,1.0,-1.0,-1.0,2,13,5,0,1,0,5,0,6,57,3
664,1,1,1.0,1.0,1.0,-1.0,0.0,-1.0,-1.0,0.0,0.0,4,11,9,0,2,0,9,0,4,55,3
665,-1,1,1.0,1.0,1.0,1.0,1.0,1.0,1.0,1.0,1.0,5,11,9,0,2,0,9,0,4,50,6
666,1,1,-1.0,1.0,1.0,1.0,1.0,0.0,1.0,1.0,0.0,3,12,7,0,0,0,7,0,6,59,2
667,-1,1,1.0,1.0,-1.0,1.0,-1.0,1.0,-1.0,0.0,-1.0,4,11,14,0,6,0,14,0,7,66,4
668,-1,1,-1.0,1.0,1.0,1.0,1.0,1.0,-1.0,0.0,1.0,4,6,7,0,1,0,7,0,2,57,8
669,0,13,-1.0,1.0,-1.0,1.0,1.0,1.0,-1.0,0.0,-1.0,4,7,15,27,3,0,15,27,6,50,5
670,-1,13,0.0,0.0,0.0,-1.0,0.0,-1.0,0.0,-1.0,1.0,6,6,16,17,4,0,16,17,6,51,1
671,0,13,-1.0,-1.0,0.0,0.0,0.0,0.0,0.0,-1.0,0.0,11,7,13,27,0,0,13,27,10,53,3
672,-1,13,0.0,-1.0,-1.0,-1.0,1.0,-1.0,-1.0,-1.0,0.0,4,5,18,21,3,0,18,21,8,54,4
673,1,13,0.0,-1.0,1.0,-1.0,0.0,-1.0,1.0,-1.0,0.0,4,6,12,15,0,0,12,15,2,37,8
674,1,13,-1.0,0.0,-1.0,1.0,-1.0,0.0,1.0,-1.0,-1.0,8,7,16,16,4,0,16,16,6,53,1
675,1,13,1.0,1.0,-1.0,0.0,1.0,0.0,0.0,1.0,0.0,3,2,14,12,1,0,14,12,4,40,5
676,1,13,1.0,1.0,1.0,-1.0,0.0,1.0,1.0,1.0,-1.0,6,11,21,8,2,0,21,8,5,41,3
677,-1,13,1.0,1.0,1.0,1.0,1.0,1.0,1.0,0.0,1.0,5,3,21,24,2,0,21,24,6,41,3
678,-1,13,-1.0,0.0,1.0,1.0,1.0,1.0,1.0,1.0,1.0,4,3,20,12,3,0,20,12,3,33,4
679,0,13,-1.0,1.0,-1.0,0.0,0.0,1.0,0.0,-1.0,1.0,5,6,24,17,4,0,24,17,3,49,8
680,1,13,1.0,-1.0,0.0,0.0,-1.0,0.0,-1.0,0.0,-1.0,10,6,21,17,2,0,21,17,10,45,8
681,-1,13,1.0,0.0,1.0,-1.0,1.0,1.0,1.0,0.0,1.0,10,9,13,19,0,0,13,19,5,37,5
682,-1,13,-1.0,0.0,1.0,0.0,-1.0,1.0,-1.0,1.0,-1.0,7,6,7,17,0,0,7,17,5,58,4
683,1,13,-1.0,-1.0,-1.0,0.0,-1.0,-1.0,-1.0,1.0,1.0,7,10,17,17,3,0,17,17,5,42,5
684,-1,13,-1.0,1.0,1.0,0.0,1.0,-1.0,-1.0,-1.0,1.0,3,6,12,18,1,0,12,18,2,40,5
685,-1,13,-1.0,-1.0,-1.0,1.0,1.0,1.0,1.0,1.0,1.0,7,3,15,8,2,0,15,8,2,25,6
686,-1,13,-1.0,-1.0,-1.0,-1.0,1.0,1.0,-1.0,0.0,0.0,2,2,17,13,3,0,17,13,1,31,5
687,0,13,-1.0,-1.0,1.0,-1.0,-1.0,0.0,0.0,1.0,0.0,4,2,17,14,3,0,17,14,6,44,5
688,0,13,-1.0,0.0,0.0,-1.0,0.0,1.0,1.0,1.0,-1.0,6,4,17,13,3,0,17,13,6,50,4
689,0,13,1.0,1.0,0.0,-1.0,-1.0,0.0,1.0,1.0,-1.0,2,6,6,8,2,0,6,8,1,48,3
690,-1,13,0.0,-1.0,1.0,1.0,-1.0,-1.0,0.0,0.0,-1.0,10,5,16,28,2,0,16,28,10,55,2
691,1,13,-1.0,0.0,-1.0,1.0,0.0,-1.0,0.0,-1.0,1.0,6,8,16,30,1,0,16,30,7,44,1
692,1,13,1.0,-1.0,1.0,-1.0,1.0,1.0,1.0,-1.0,-1.0,5,9,17,21,4,0,17,21,6,65,2
693,-1,13,1.0,0.0,1.0,-1.0,-1.0,-1.0,0.0,0.0,1.0,0,10,14,0,2,0,14,0,0,53,0
694,-1,13,-1.0,-1.0,1.0,0.0,1.0,0.0,-1.0,0.0,1.0,0,13,15,0,2,0,15,0,3,39,0
695,1,13,-1.0,-1.0,-1.0,1.0,-1.0,0.0,0.0,1.0,1.0,0,16,17,0,1,0,17,0,6,39,0
696,1,13,1.0,-1.0,-1.0,-1.0,1.0,1.0,0.0,-1.0,1.0,0,11,10,0,2,0,10,0,0,33,0
697,-1,13,1.0,0.0,1.0,-1.0,1.0,-1.0,1.0,-1.0,1.0,0,13,25,0,1,0,25,0,4,57,0
698,-1,13,-1.0,-1.0,1.0,0.0,1.0,0.0,1.0,0.0,-1.0,0,14,23,0,1,0,23,0,3,43,0
699,0,13,1.0,0.0,-1.0,-1.0,0.0,-1.0,0.0,1.0,-1.0,0,10,17,0,1,0,17,0,4,54,0
700,-1,13,0.0,0.0,1.0,1.0,1.0,1.0,1.0,1.0,1.0,0,11,17,0,4,0,17,0,2,36,0
701,1,13,1.0,0.0,1.0,1.0,0.0,1.0,1.0,-1.0,0.0,0,11,9,0,0,0,9,0,4,40,0
702,1,13,1.0,0.0,1.0,1.0,1.0,-1.0,1.0,-1.0,-1.0,0,9,9,0,1,0,9,0,2,42,0
703,1,13,1.0,0.0,1.0,1.0,1.0,-1.0,1.0,-1.0,-1.0,0,9,9,0,1,0,9,0,2,42,0
704,1,13,1.0,0.0,1.0,1.0,1.0,-1.0,1.0,-1.0,-1.0,0,9,9,0,1,0,9,0,2,42,0
705,1,13,1.0,0.0,1.0,1.0,1.0,-1.0,1.0,-1.0,-1.0,0,9,9,0,1,0,9,0,2,42,0
706,-1,13,1.0,1.0,1.0,0.0,-1.0,1.0,0.0,1.0,-1.0,7,16,10,0,1,0,10,0,10,49,9
707,-1,13,-1.0,-1.0,-1.0,1.0,1.0,1.0,1.0,1.0,1.0,1,4,9,0,1,0,9,0,2,28,8
708,0,13,-1.0,0.0,-1.0,-1.0,0.0,-1.0,0.0,-1.0,0.0,6,17,16,0,2,0,16,0,4,55,6
709,-1,13,0.0,0.0,-1.0,0.0,1.0,-1.0,1.0,0.0,-1.0,5,19,11,0,1,0,11,0,5,45,8
710,-1,13,-1.0,0.0,0.0,0.0,-1.0,0.0,-1.0,0.0,1.0,2,17,15,0,2,0,15,0,7,62,6
711,0,13,1.0,1.0,-1.0,1.0,-1.0,0.0,-1.0,-1.0,1.0,8,16,13,0,2,0,13,0,8,38,3
712,0,13,-1.0,1.0,1.0,-1.0,-1.0,1.0,-1.0,1.0,-1.0,5,16,14,0,1,0,14,0,6,46,2
713,0,13,0.0,0.0,-1.0,1.0,0.0,-1.0,1.0,1.0,0.0,7,18,15,0,3,0,15,0,2,59,2
714,1,13,0.0,-1.0,0.0,0.0,0.0,1.0,-1.0,0.0,-1.0,5,12,17,0,1,0,17,0,6,39,5
715,1,13,1.0,0.0,1.0,-1.0,1.0,-1.0,1.0,-1.0,1.0,5,9,16,0,2,0,16,0,6,45,6
716,0,13,0.0,-1.0,1.0,1.0,1.0,-1.0,1.0,-1.0,1.0,6,19,8,0,1,0,8,0,7,33,6
717,0,13,-1.0,0.0,-1.0,1.0,-1.0,-1.0,1.0,1.0,0.0,0,3,14,0,3,0,14,0,3,39,1
718,1,13,0.0,1.0,0.0,1.0,1.0,0.0,1.0,1.0,-1.0,7,14,13,0,1,0,13,0,2,54,2
719,1,13,1.0,1.0,0.0,1.0,0.0,0.0,-1.0,0.0,1.0,5,15,15,0,1,0,15,0,7,48,4
720,-1,13,1.0,-1.0,1.0,1.0,0.0,0.0,-1.0,1.0,1.0,6,14,9,0,2,0,9,0,6,60,12
721,-1,13,-1.0,1.0,1.0,-1.0,1.0,-1.0,1.0,1.0,0.0,5,20,8,0,0,0,8,0,9,54,6
722,-1,13,-1.0,-1.0,-1.0,1.0,0.0,-1.0,0.0,1.0,1.0,3,8,14,0,1,1,14,0,3,44,5
723,0,13,1.0,-1.0,0.0,-1.0,0.0,0.0,0.0,0.0,1.0,5,26,7,0,0,0,7,0,6,52,4
724,0,13,-1.0,0.0,-1.0,1.0,1.0,-1.0,0.0,1.0,-1.0,9,18,12,0,4,0,12,0,8,47,4
725,1,13,0.0,1.0,-1.0,0.0,1.0,-1.0,-1.0,-1.0,0.0,5,13,6,0,0,0,6,0,3,40,3
726,1,13,0.0,0.0,1.0,0.0,-1.0,-1.0,0.0,-1.0,-1.0,7,20,18,0,2,0,18,0,4,57,8
727,1,13,1.0,0.0,0.0,0.0,-1.0,-1.0,-1.0,1.0,-1.0,4,8,12,0,0,0,12,0,7,56,5
728,1,13,1.0,1.0,1.0,0.0,-1.0,0.0,0.0,1.0,-1.0,7,16,19,0,1,0,19,0,7,63,5
729,0,13,-1.0,1.0,0.0,1.0,-1.0,1.0,1.0,-1.0,1.0,4,14,18,0,2,0,18,0,4,47,8
730,1,13,-1.0,1.0,1.0,0.0,0.0,-1.0,-1.0,-1.0,0.0,5,15,10,15,1,0,10,15,4,67,6
731,0,13,0.0,-1.0,1.0,1.0,1.0,1.0,1.0,-1.0,-1.0,5,16,9,15,1,0,9,15,7,54,2
732,0,13,0.0,0.0,0.0,-1.0,1.0,-1.0,0.0,1.0,0.0,10,21,18,7,3,0,18,7,5,46,3
733,-1,13,0.0,0.0,0.0,0.0,0.0,1.0,0.0,-1.0,0.0,5,18,12,13,3,0,12,13,1,49,5
734,-1,13,-1.0,1.0,-1.0,-1.0,-1.0,-1.0,1.0,1.0,-1.0,5,14,14,20,2,0,14,20,8,61,8
735,-1,13,-1.0,-1.0,-1.0,-1.0,-1.0,1.0,1.0,-1.0,-1.0,3,16,16,18,2,0,16,18,7,54,5
736,-1,13,-1.0,-1.0,-1.0,1.0,1.0,-1.0,1.0,1.0,1.0,2,8,13,8,0,0,13,8,2,36,6
737,-1,13,-1.0,-1.0,-1.0,-1.0,-1.0,-1.0,1.0,0.0,1.0,3,7,15,0,2,0,15,0,5,48,4
738,-1,13,-1.0,-1.0,-1.0,-1.0,1.0,0.0,1.0,1.0,1.0,1,8,15,0,2,0,15,0,2,39,9
739,0,13,-1.0,0.0,-1.0,-1.0,-1.0,1.0,-1.0,1.0,0.0,7,10,14,0,2,0,14,0,8,46,4
740,-1,13,0.0,1.0,-1.0,0.0,-1.0,1.0,-1.0,1.0,0.0,2,7,17,0,3,0,17,0,5,48,2
741,-1,13,-1.0,1.0,0.0,1.0,1.0,1.0,1.0,1.0,1.0,2,6,9,0,2,0,9,0,0,40,3
742,1,13,-1.0,1.0,-1.0,1.0,0.0,-1.0,-1.0,0.0,-1.0,8,16,22,0,1,0,22,0,7,51,2
743,1,16,0.0,-1.0,1.0,1.0,0.0,-1.0,1.0,1.0,-1.0,9,10,11,13,2,0,11,13,7,47,7
744,0,16,1.0,0.0,1.0,0.0,0.0,0.0,1.0,1.0,0.0,11,5,12,5,0,0,12,5,2,64,3
745,0,16,0.0,1.0,1.0,0.0,1.0,1.0,1.0,1.0,0.0,6,3,8,10,1,0,8,10,4,33,13
746,1,16,1.0,0.0,1.0,1.0,1.0,0.0,1.0,0.0,0.0,6,4,15,12,1,0,15,12,6,45,7
747,-1,16,1.0,0.0,1.0,0.0,-1.0,-1.0,-1.0,-1.0,1.0,4,3,10,9,2,0,10,9,8,57,11
748,1,16,-1.0,-1.0,1.0,0.0,-1.0,1.0,-1.0,-1.0,1.0,9,2,17,7,2,0,17,7,4,54,4
749,1,16,1.0,-1.0,-1.0,-1.0,0.0,-1.0,1.0,-1.0,1.0,4,1,13,12,1,0,13,12,2,60,5
750,1,16,-1.0,1.0,0.0,1.0,1.0,0.0,-1.0,0.0,0.0,4,4,15,4,1,0,15,4,4,35,9
751,1,16,1.0,1.0,-1.0,1.0,0.0,0.0,1.0,-1.0,0.0,15,5,10,26,2,0,10,26,10,70,6
752,1,16,1.0,1.0,0.0,1.0,-1.0,1.0,0.0,0.0,1.0,4,4,9,4,1,0,9,4,6,48,8
753,1,16,1.0,1.0,1.0,1.0,0.0,1.0,1.0,0.0,1.0,7,8,9,20,2,0,9,20,4,58,4
754,1,16,1.0,0.0,1.0,1.0,1.0,0.0,1.0,1.0,1.0,4,4,15,11,2,0,15,11,6,48,6
755,-1,16,1.0,1.0,1.0,0.0,-1.0,1.0,0.0,-1.0,1.0,5,4,13,6,4,1,13,6,1,42,3
756,-1,16,-1.0,1.0,1.0,1.0,-1.0,-1.0,1.0,-1.0,-1.0,7,7,12,9,2,0,12,9,3,65,4
757,1,16,-1.0,-1.0,-1.0,-1.0,1.0,-1.0,-1.0,0.0,-1.0,9,7,20,5,2,0,20,5,6,50,7
758,1,16,1.0,-1.0,-1.0,-1.0,0.0,-1.0,1.0,0.0,1.0,3,5,15,7,2,0,15,7,3,49,4
759,1,16,1.0,1.0,1.0,-1.0,1.0,-1.0,1.0,1.0,1.0,8,4,15,13,2,0,15,13,3,58,8
760,1,16,1.0,0.0,1.0,1.0,1.0,1.0,1.0,0.0,1.0,3,3,12,13,1,0,12,13,3,44,10
761,-1,16,-1.0,1.0,0.0,1.0,-1.0,1.0,1.0,1.0,-1.0,3,6,12,12,1,0,12,12,3,50,4
762,1,16,-1.0,1.0,-1.0,1.0,0.0,1.0,-1.0,0.0,0.0,7,5,14,4,1,0,14,4,2,46,7
763,1,16,1.0,-1.0,-1.0,1.0,1.0,0.0,0.0,-1.0,1.0,7,7,17,9,2,0,17,9,4,57,7
764,1,16,1.0,0.0,1.0,-1.0,0.0,-1.0,0.0,0.0,-1.0,6,6,7,14,1,0,7,14,1,60,0
765,1,16,1.0,0.0,1.0,-1.0,0.0,-1.0,0.0,0.0,-1.0,6,6,7,14,1,0,7,14,1,60,0
766,1,16,1.0,0.0,1.0,-1.0,0.0,-1.0,0.0,0.0,-1.0,6,6,7,14,1,0,7,14,1,60,0
767,1,16,1.0,0.0,1.0,-1.0,0.0,-1.0,0.0,0.0,-1.0,6,6,7,14,1,0,7,14,1,60,0
768,1,16,1.0,-1.0,1.0,0.0,1.0,1.0,-1.0,1.0,1.0,5,6,15,14,1,0,15,14,7,52,2
769,1,16,-1.0,1.0,-1.0,1.0,1.0,1.0,0.0,1.0,1.0,11,8,14,9,1,0,14,9,12,56,7
770,1,16,1.0,-1.0,-1.0,1.0,1.0,1.0,1.0,1.0,1.0,6,6,15,9,2,0,15,9,6,58,8
771,1,16,1.0,0.0,1.0,-1.0,1.0,-1.0,1.0,1.0,1.0,0,13,11,0,3,0,11,0,7,51,0
772,1,16,1.0,1.0,1.0,0.0,-1.0,-1.0,1.0,0.0,1.0,0,15,9,0,0,0,9,0,10,63,0
773,0,16,0.0,-1.0,1.0,0.0,1.0,0.0,-1.0,0.0,1.0,0,7,19,0,1,0,19,0,3,64,0
774,-1,16,0.0,-1.0,0.0,-1.0,-1.0,1.0,-1.0,1.0,0.0,0,20,7,0,1,0,7,0,7,64,0
775,0,16,-1.0,0.0,-1.0,0.0,0.0,0.0,1.0,1.0,1.0,0,16,8,0,0,0,8,0,2,44,0
776,1,16,0.0,-1.0,-1.0,0.0,-1.0,-1.0,1.0,-1.0,1.0,0,9,13,0,2,0,13,0,4,57,0
777,-1,16,1.0,-1.0,0.0,-1.0,1.0,-1.0,-1.0,0.0,-1.0,0,20,18,0,1,0,18,0,5,61,0
778,1,16,0.0,-1.0,-1.0,1.0,1.0,-1.0,1.0,0.0,1.0,0,11,9,0,1,0,9,0,3,47,0
779,1,16,-1.0,1.0,1.0,1.0,0.0,0.0,1.0,0.0,-1.0,0,19,6,0,0,0,6,0,3,39,0
780,-1,16,1.0,1.0,-1.0,1.0,1.0,1.0,1.0,0.0,1.0,0,14,5,0,0,0,5,0,5,31,0
781,1,16,-1.0,-1.0,1.0,1.0,-1.0,-1.0,1.0,-1.0,1.0,0,22,12,0,1,0,12,0,8,61,0
782,-1,16,1.0,1.0,0.0,-1.0,1.0,-1.0,1.0,0.0,1.0,0,7,8,0,2,0,8,0,2,44,0
783,1,16,0.0,0.0,1.0,-1.0,1.0,0.0,1.0,0.0,0.0,8,22,12,0,3,0,12,0,5,53,2
784,-1,16,1.0,0.0,0.0,0.0,-1.0,0.0,0.0,-1.0,-1.0,3,15,17,0,3,0,17,0,13,71,6
785,-1,16,1.0,-1.0,1.0,0.0,0.0,0.0,1.0,-1.0,1.0,3,18,11,0,3,0,11,0,4,58,6
786,0,16,-1.0,1.0,1.0,-1.0,0.0,-1.0,1.0,0.0,1.0,3,9,5,0,1,0,5,0,9,63,7
787,1,16,0.0,1.0,-1.0,1.0,1.0,1.0,1.0,1.0,1.0,2,7,13,0,1,0,13,0,2,28,8
788,0,16,1.0,1.0,0.0,1.0,0.0,0.0,1.0,1.0,0.0,5,13,13,0,1,0,13,0,8,53,6
789,1,16,1.0,-1.0,0.0,-1.0,1.0,0.0,-1.0,0.0,1.0,6,16,9,0,0,0,9,0,8,45,3
790,-1,16,-1.0,-1.0,1.0,-1.0,1.0,1.0,0.0,0.0,0.0,11,28,15,0,3,0,15,0,6,53,2
791,0,16,-1.0,-1.0,-1.0,-1.0,1.0,-1.0,1.0,1.0,0.0,5,10,13,0,2,0,13,0,5,51,6
792,0,16,0.0,1.0,-1.0,-1.0,1.0,1.0,0.0,-1.0,1.0,7,23,11,0,0,0,11,0,9,62,6
793,1,16,0.0,-1.0,0.0,1.0,0.0,1.0,0.0,-1.0,0.0,3,10,12,0,1,0,12,0,4,56,6
794,1,16,1.0,0.0,0.0,-1.0,0.0,1.0,0.0,-1.0,-1.0,7,16,18,0,0,0,18,0,8,59,2
795,1,16,1.0,-1.0,1.0,0.0,1.0,-1.0,-1.0,-1.0,-1.0,5,18,8,0,0,0,8,0,7,51,6
796,1,16,1.0,0.0,1.0,-1.0,1.0,0.0,-1.0,-1.0,1.0,7,18,13,0,1,0,13,0,9,49,3
797,1,16,1.0,-1.0,1.0,0.0,-1.0,-1.0,1.0,1.0,0.0,4,15,5,0,0,0,5,0,6,51,6
798,1,16,1.0,0.0,1.0,-1.0,0.0,-1.0,-1.0,1.0,-1.0,9,21,7,0,0,0,7,0,9,56,2
799,1,16,0.0,1.0,-1.0,1.0,0.0,-1.0,0.0,-1.0,1.0,8,16,4,0,0,0,4,0,4,54,4
800,1,16,-1.0,1.0,0.0,1.0,-1.0,-1.0,0.0,0.0,-1.0,6,14,10,0,2,0,10,0,4,63,1
801,-1,16,1.0,1.0,-1.0,1.0,-1.0,0.0,1.0,-1.0,0.0,4,12,8,0,0,0,8,0,5,70,4
802,-1,16,-1.0,1.0,1.0,1.0,1.0,0.0,1.0,-1.0,-1.0,5,16,15,0,2,0,15,0,12,58,3
803,-1,16,0.0,-1.0,1.0,1.0,1.0,1.0,1.0,-1.0,1.0,2,11,6,0,2,0,6,0,1,37,14
804,0,16,-1.0,-1.0,0.0,-1.0,1.0,-1.0,1.0,0.0,0.0,2,12,11,0,0,0,11,0,10,55,2
805,0,16,0.0,1.0,-1.0,-1.0,1.0,1.0,1.0,0.0,0.0,3,15,7,0,2,0,7,0,7,53,6
806,0,16,-1.0,1.0,0.0,-1.0,-1.0,1.0,1.0,1.0,1.0,5,11,10,0,2,0,10,0,2,42,9
807,-1,16,0.0,-1.0,-1.0,1.0,1.0,0.0,-1.0,1.0,1.0,0,7,9,0,1,0,9,0,2,29,3
808,0,16,1.0,0.0,-1.0,-1.0,0.0,0.0,0.0,1.0,-1.0,4,16,10,9,3,0,10,9,8,60,1
809,1,16,1.0,1.0,-1.0,1.0,-1.0,0.0,1.0,-1.0,0.0,9,12,9,5,1,0,9,5,2,63,3
810,1,16,1.0,1.0,1.0,1.0,1.0,0.0,1.0,0.0,-1.0,7,13,13,7,1,0,13,7,5,48,3
811,1,16,1.0,-1.0,1.0,1.0,0.0,0.0,0.0,0.0,0.0,7,17,18,6,3,1,18,6,3,54,7
812,1,16,1.0,1.0,1.0,-1.0,0.0,1.0,0.0,1.0,-1.0,13,23,15,4,3,0,15,4,2,51,4
813,1,16,-1.0,1.0,1.0,1.0,-1.0,1.0,1.0,-1.0,1.0,3,7,14,3,3,0,14,3,2,37,5
814,1,16,0.0,1.0,-1.0,1.0,-1.0,-1.0,1.0,-1.0,-1.0,5,15,7,17,1,0,7,17,6,72,9
815,1,16,1.0,-1.0,0.0,1.0,1.0,-1.0,1.0,1.0,1.0,5,12,13,12,1,0,13,12,6,54,3
816,0,16,1.0,0.0,1.0,-1.0,-1.0,-1.0,1.0,1.0,-1.0,10,16,10,7,4,0,10,7,8,48,4
817,-1,16,0.0,1.0,1.0,0.0,1.0,1.0,1.0,-1.0,1.0,3,10,10,8,5,0,10,8,3,45,4
818,-1,16,-1.0,1.0,0.0,1.0,1.0,1.0,0.0,1.0,1.0,5,14,16,0,1,0,16,0,6,45,6
819,1,16,-1.0,1.0,0.0,-1.0,0.0,1.0,-1.0,1.0,-1.0,4,11,15,0,1,0,15,0,5,53,2
820,1,16,1.0,-1.0,-1.0,1.0,1.0,-1.0,-1.0,-1.0,1.0,8,18,7,0,1,0,7,0,3,51,2
821,1,15,0.0,0.0,1.0,-1.0,1.0,1.0,-1.0,1.0,1.0,4,4,18,4,2,0,18,4,1,38,10
822,0,15,1.0,1.0,0.0,0.0,0.0,1.0,0.0,0.0,1.0,4,2,13,14,1,0,13,14,5,58,4
823,1,15,0.0,0.0,1.0,1.0,-1.0,1.0,-1.0,1.0,1.0,6,2,15,12,3,0,15,12,4,45,8
824,-1,15,1.0,0.0,0.0,0.0,-1.0,-1.0,0.0,-1.0,-1.0,12,5,18,26,4,0,18,26,8,60,4
825,0,15,-1.0,-1.0,1.0,0.0,1.0,1.0,-1.0,-1.0,0.0,2,5,15,26,0,0,15,26,9,62,6
826,-1,15,0.0,-1.0,-1.0,0.0,1.0,1.0,1.0,1.0,1.0,5,1,16,8,2,0,16,8,4,35,7
827,-1,15,1.0,-1.0,0.0,0.0,-1.0,-1.0,-1.0,0.0,1.0,3,6,15,16,2,1,15,16,4,59,3
828,1,15,-1.0,0.0,1.0,-1.0,1.0,0.0,0.0,-1.0,0.0,6,4,14,17,2,0,14,17,6,46,2
829,0,15,1.0,-1.0,-1.0,0.0,1.0,0.0,1.0,-1.0,1.0,7,12,6,18,1,0,6,18,7,46,2
830,0,15,0.0,-1.0,1.0,-1.0,1.0,-1.0,1.0,1.0,1.0,8,7,11,27,0,0,11,27,8,41,2
831,-1,15,0.0,1.0,0.0,-1.0,1.0,1.0,1.0,1.0,1.0,0,5,16,9,1,0,16,9,4,56,3
832,1,15,-1.0,0.0,0.0,1.0,0.0,0.0,0.0,-1.0,0.0,2,6,9,9,0,0,9,9,4,42,6
833,1,15,-1.0,1.0,1.0,-1.0,1.0,0.0,0.0,0.0,1.0,7,9,15,12,1,0,15,12,2,55,6
834,1,15,1.0,1.0,-1.0,-1.0,-1.0,0.0,-1.0,-1.0,1.0,5,6,13,19,1,0,13,19,6,58,6
835,-1,15,1.0,-1.0,1.0,1.0,1.0,1.0,1.0,1.0,1.0,1,4,16,7,1,0,16,7,3,33,8
836,-1,15,-1.0,-1.0,1.0,-1.0,-1.0,0.0,0.0,1.0,1.0,7,4,14,15,2,0,14,15,8,53,6
837,-1,15,1.0,-1.0,-1.0,1.0,-1.0,-1.0,-1.0,-1.0,-1.0,8,6,18,21,2,0,18,21,4,58,5
838,1,15,-1.0,-1.0,1.0,-1.0,1.0,1.0,1.0,-1.0,0.0,4,2,23,14,2,0,23,14,4,39,1
839,1,15,1.0,0.0,-1.0,-1.0,-1.0,0.0,0.0,1.0,-1.0,7,5,23,7,4,0,23,7,3,53,6
840,1,15,1.0,-1.0,-1.0,0.0,1.0,1.0,-1.0,1.0,-1.0,5,4,6,10,3,0,6,10,5,45,4
841,1,15,1.0,1.0,1.0,-1.0,-1.0,1.0,0.0,1.0,0.0,5,3,16,13,1,0,16,13,1,40,3
842,1,15,-1.0,0.0,1.0,1.0,-1.0,0.0,0.0,-1.0,0.0,5,8,19,14,1,0,19,14,4,49,6
843,-1,15,1.0,0.0,-1.0,0.0,-1.0,0.0,-1.0,1.0,-1.0,7,4,12,16,1,0,12,16,6,50,5
844,0,15,0.0,-1.0,-1.0,0.0,-1.0,-1.0,-1.0,-1.0,0.0,4,3,10,13,3,0,10,13,2,39,7
845,0,15,0.0,1.0,0.0,-1.0,0.0,-1.0,-1.0,1.0,-1.0,0,12,19,0,1,1,19,0,8,30,0
846,-1,15,1.0,0.0,-1.0,0.0,0.0,-1.0,1.0,-1.0,1.0,0,9,12,0,3,0,12,0,6,37,0
847,1,15,1.0,-1.0,1.0,0.0,-1.0,1.0,1.0,-1.0,1.0,0,11,21,0,4,0,21,0,3,35,0
848,-1,15,1.0,-1.0,1.0,-1.0,1.0,-1.0,0.0,1.0,1.0,0,9,12,0,3,0,12,0,1,27,0
849,0,15,-1.0,1.0,-1.0,-1.0,1.0,0.0,0.0,0.0,1.0,0,9,13,0,2,0,13,0,2,38,0
850,1,15,0.0,0.0,-1.0,1.0,1.0,1.0,-1.0,0.0,1.0,0,8,10,0,1,0,10,0,6,48,0
851,-1,15,-1.0,0.0,0.0,-1.0,-1.0,-1.0,-1.0,-1.0,0.0,0,13,14,0,3,0,14,0,7,64,0
852,0,15,-1.0,1.0,-1.0,0.0,-1.0,-1.0,1.0,-1.0,-1.0,0,10,15,0,0,0,15,0,4,38,0
853,-1,15,0.0,1.0,-1.0,1.0,1.0,-1.0,0.0,0.0,1.0,0,18,10,0,2,0,10,0,10,52,0
854,1,15,-1.0,-1.0,-1.0,-1.0,1.0,-1.0,-1.0,-1.0,1.0,0,17,10,0,1,0,10,0,7,52,0
855,-1,15,1.0,-1.0,-1.0,-1.0,-1.0,-1.0,1.0,1.0,0.0,8,17,9,0,1,0,9,0,8,54,5
856,-1,15,1.0,-1.0,-1.0,-1.0,-1.0,-1.0,1.0,1.0,0.0,8,17,9,0,1,0,9,0,8,54,5
857,-1,15,1.0,-1.0,-1.0,-1.0,-1.0,-1.0,1.0,1.0,0.0,8,17,9,0,1,0,9,0,8,54,5
858,-1,15,1.0,-1.0,-1.0,-1.0,-1.0,-1.0,1.0,1.0,0.0,8,17,9,0,1,0,9,0,8,54,5
859,1,15,-1.0,0.0,1.0,-1.0,-1.0,-1.0,1.0,-1.0,0.0,8,21,16,0,4,0,16,0,7,63,4
860,1,15,-1.0,-1.0,1.0,0.0,0.0,-1.0,1.0,0.0,0.0,5,14,16,0,2,0,16,0,1,36,2
861,-1,15,1.0,-1.0,-1.0,-1.0,0.0,1.0,0.0,1.0,0.0,7,21,9,0,3,0,9,0,5,43,7
862,1,15,-1.0,1.0,-1.0,-1.0,1.0,0.0,0.0,-1.0,1.0,3,8,20,0,3,0,20,0,4,42,1
863,0,15,1.0,0.0,1.0,-1.0,0.0,1.0,1.0,-1.0,1.0,3,6,14,0,0,0,14,0,5,52,3
864,1,15,0.0,-1.0,1.0,0.0,-1.0,-1.0,0.0,-1.0,-1.0,3,12,15,0,0,1,15,0,0,49,0
865,-1,15,1.0,0.0,0.0,-1.0,1.0,-1.0,0.0,1.0,-1.0,5,16,18,0,4,0,18,0,4,60,4
866,-1,15,1.0,-1.0,0.0,-1.0,1.0,1.0,1.0,1.0,1.0,4,15,10,0,0,0,10,0,3,35,6
867,0,15,-1.0,-1.0,-1.0,1.0,-1.0,-1.0,0.0,1.0,-1.0,4,13,13,0,0,0,13,0,2,40,3
868,-1,15,0.0,1.0,-1.0,-1.0,1.0,1.0,1.0,-1.0,-1.0,4,17,12,0,2,0,12,0,5,54,2
869,0,15,-1.0,0.0,0.0,1.0,0.0,-1.0,0.0,1.0,-1.0,5,14,14,0,0,0,14,0,7,45,2
870,1,15,0.0,-1.0,-1.0,0.0,-1.0,-1.0,-1.0,0.0,-1.0,3,14,16,0,1,0,16,0,4,49,0
871,-1,15,1.0,-1.0,1.0,0.0,0.0,0.0,-1.0,0.0,-1.0,1,13,11,0,0,0,11,0,3,44,3
872,1,15,1.0,-1.0,1.0,1.0,0.0,1.0,-1.0,-1.0,0.0,7,21,9,0,1,0,9,0,5,54,4
873,0,15,1.0,0.0,1.0,-1.0,-1.0,0.0,1.0,1.0,1.0,2,12,16,0,1,0,16,0,5,46,4
874,0,15,0.0,-1.0,1.0,0.0,1.0,-1.0,1.0,0.0,1.0,3,23,12,0,0,0,12,0,5,54,1
875,-1,15,0.0,-1.0,0.0,-1.0,1.0,-1.0,-1.0,0.0,1.0,1,6,13,0,3,0,13,0,2,34,5
876,1,15,-1.0,0.0,-1.0,0.0,-1.0,1.0,1.0,-1.0,1.0,6,14,8,0,0,0,8,0,3,36,4
877,-1,15,1.0,-1.0,-1.0,0.0,1.0,1.0,0.0,1.0,1.0,7,15,8,0,2,0,8,0,6,34,7
878,0,15,0.0,1.0,-1.0,1.0,1.0,-1.0,-1.0,1.0,1.0,6,17,14,0,3,0,14,0,3,51,4
879,-1,15,1.0,1.0,0.0,0.0,1.0,1.0,-1.0,1.0,1.0,2,15,14,0,3,0,14,0,4,28,7
880,1,15,-1.0,-1.0,1.0,1.0,0.0,-1.0,-1.0,0.0,1.0,6,20,11,0,4,0,11,0,1,40,3
881,-1,15,1.0,-1.0,-1.0,-1.0,-1.0,-1.0,0.0,-1.0,1.0,2,13,12,0,2,0,12,0,2,44,5
882,1,15,-1.0,-1.0,-1.0,1.0,0.0,0.0,1.0,-1.0,1.0,5,9,18,0,3,0,18,0,2,29,5
883,1,15,0.0,-1.0,1.0,-1.0,-1.0,0.0,-1.0,1.0,1.0,12,22,18,0,2,0,18,0,8,57,7
884,-1,15,1.0,1.0,0.0,-1.0,0.0,-1.0,1.0,0.0,-1.0,4,20,13,13,2,0,13,13,3,47,6
885,1,15,-1.0,-1.0,1.0,1.0,-1.0,-1.0,0.0,-1.0,1.0,5,12,16,11,2,0,16,11,6,53,8
886,-1,15,1.0,-1.0,-1.0,-1.0,0.0,0.0,0.0,1.0,1.0,5,15,11,21,2,0,11,21,10,53,3
887,1,15,1.0,-1.0,-1.0,1.0,1.0,0.0,-1.0,-1.0,-1.0,6,18,20,8,2,0,20,8,5,47,8
888,1,15,-1.0,-1.0,1.0,-1.0,-1.0,-1.0,1.0,-1.0,1.0,8,18,13,15,1,0,13,15,8,55,4
889,-1,15,1.0,1.0,-1.0,-1.0,1.0,1.0,0.0,-1.0,1.0,0,9,9,6,1,0,9,6,3,37,7
890,-1,15,-1.0,-1.0,1.0,1.0,-1.0,-1.0,1.0,1.0,0.0,2,20,9,6,0,0,9,6,6,39,4
891,-1,15,1.0,-1.0,-1.0,1.0,0.0,-1.0,-1.0,1.0,-1.0,8,24,15,16,4,0,15,16,7,59,5
892,-1,15,-1.0,-1.0,1.0,-1.0,1.0,1.0,1.0,1.0,1.0,3,8,14,16,3,0,14,16,6,31,5
893,0,15,-1.0,-1.0,-1.0,-1.0,0.0,0.0,-1.0,1.0,0.0,5,15,8,12,2,0,8,12,3,38,3
894,-1,15,-1.0,0.0,0.0,1.0,1.0,0.0,-1.0,0.0,-1.0,1,11,18,0,4,0,18,0,10,51,5
895,-1,15,-1.0,0.0,-1.0,0.0,0.0,-1.0,0.0,1.0,-1.0,5,18,8,0,2,0,8,0,9,64,5
896,1,15,-1.0,1.0,-1.0,0.0,-1.0,1.0,-1.0,1.0,0.0,11,19,12,0,2,0,12,0,7,46,6
897,1,14,-1.0,0.0,-1.0,1.0,1.0,1.0,1.0,0.0,-1.0,3,6,15,10,2,0,15,10,7,45,3
898,0,14,1.0,1.0,-1.0,0.0,0.0,-1.0,1.0,1.0,0.0,6,4,16,15,1,0,16,15,4,47,8
899,0,14,0.0,0.0,1.0,1.0,0.0,-1.0,0.0,-1.0,-1.0,6,10,18,14,3,0,18,14,4,60,2
900,1,14,0.0,1.0,0.0,0.0,1.0,1.0,0.0,-1.0,0.0,12,9,18,12,3,0,18,12,5,43,4
901,-1,14,1.0,0.0,1.0,0.0,-1.0,1.0,1.0,-1.0,-1.0,4,7,16,19,1,0,16,19,7,61,2
902,1,14,1.0,-1.0,-1.0,-1.0,1.0,1.0,1.0,-1.0,-1.0,6,9,16,17,3,0,16,17,4,51,11
903,-1,14,-1.0,1.0,-1.0,-1.0,0.0,-1.0,1.0,1.0,0.0,8,0,16,14,1,0,16,14,1,44,9
904,-1,14,1.0,-1.0,1.0,-1.0,1.0,1.0,-1.0,0.0,-1.0,5,6,13,22,1,0,13,22,8,62,5
905,1,14,1.0,-1.0,-1.0,-1.0,1.0,-1.0,-1.0,0.0,1.0,8,4,12,17,3,0,12,17,6,53,9
906,-1,14,1.0,-1.0,1.0,0.0,1.0,1.0,0.0,1.0,0.0,5,10,14,14,3,0,14,14,5,39,4
907,-1,14,-1.0,0.0,1.0,-1.0,1.0,1.0,-1.0,1.0,1.0,3,5,16,10,3,0,16,10,1,28,13
908,0,14,-1.0,-1.0,-1.0,0.0,1.0,1.0,-1.0,-1.0,1.0,4,9,15,14,1,0,15,14,8,51,5
909,1,14,-1.0,0.0,1.0,-1.0,0.0,-1.0,-1.0,-1.0,0.0,8,4,14,11,2,0,14,11,1,68,0
910,-1,14,1.0,-1.0,-1.0,0.0,1.0,1.0,-1.0,-1.0,-1.0,2,2,17,8,3,0,17,8,5,30,9
911,-1,14,-1.0,-1.0,1.0,-1.0,1.0,0.0,-1.0,-1.0,-1.0,5,3,13,15,2,0,13,15,7,58,6
912,0,14,-1.0,0.0,-1.0,-1.0,1.0,1.0,1.0,1.0,1.0,3,5,15,11,2,0,15,11,5,36,7
913,0,14,-1.0,-1.0,0.0,1.0,0.0,1.0,-1.0,-1.0,0.0,4,4,11,7,1,0,11,7,1,51,12
914,0,14,0.0,0.0,-1.0,-1.0,1.0,0.0,1.0,1.0,1.0,8,8,10,10,2,0,10,10,8,36,10
915,0,14,0.0,0.0,-1.0,-1.0,1.0,0.0,1.0,1.0,1.0,8,8,10,10,2,0,10,10,8,36,10
916,0,14,0.0,0.0,-1.0,-1.0,1.0,0.0,1.0,1.0,1.0,8,8,10,10,2,0,10,10,8,36,10
917,0,14,0.0,0.0,-1.0,-1.0,1.0,0.0,1.0,1.0,1.0,8,8,10,10,2,0,10,10,8,36,10
918,0,14,1.0,0.0,0.0,-1.0,1.0,1.0,-1.0,0.0,1.0,1,2,17,9,2,0,17,9,2,39,8
919,1,14,-1.0,-1.0,0.0,-1.0,1.0,1.0,1.0,-1.0,-1.0,4,6,8,9,1,0,8,9,6,48,5
920,1,14,1.0,0.0,-1.0,-1.0,0.0,1.0,-1.0,-1.0,0.0,6,5,9,14,2,0,9,14,7,52,2
921,1,14,1.0,-1.0,1.0,0.0,1.0,1.0,-1.0,0.0,1.0,2,4,8,11,1,0,8,11,3,39,11
922,0,14,1.0,-1.0,1.0,-1.0,-1.0,1.0,-1.0,0.0,-1.0,7,7,11,19,2,0,11,19,4,57,0
923,1,14,0.0,1.0,1.0,-1.0,0.0,-1.0,1.0,1.0,-1.0,9,4,11,13,2,0,11,13,3,54,4
924,-1,14,1.0,-1.0,1.0,1.0,0.0,1.0,-1.0,-1.0,0.0,8,5,15,9,1,0,15,9,7,46,6
925,0,14,0.0,-1.0,-1.0,1.0,0.0,1.0,1.0,1.0,-1.0,0,20,17,0,2,0,17,0,3,49,0
926,1,14,0.0,0.0,0.0,-1.0,-1.0,-1.0,-1.0,-1.0,1.0,0,14,11,0,1,0,11,0,2,43,0
927,1,14,1.0,0.0,0.0,0.0,1.0,-1.0,1.0,-1.0,1.0,0,14,18,0,2,0,18,0,8,45,0
928,1,14,1.0,1.0,1.0,0.0,1.0,0.0,1.0,0.0,-1.0,0,23,10,0,0,0,10,0,7,56,0
929,1,14,0.0,0.0,1.0,1.0,0.0,1.0,-1.0,1.0,-1.0,0,10,14,0,1,0,14,0,3,61,0
930,0,14,0.0,1.0,0.0,0.0,0.0,1.0,1.0,0.0,-1.0,0,12,11,0,2,0,11,0,5,61,0
931,1,14,1.0,0.0,0.0,0.0,0.0,0.0,-1.0,1.0,-1.0,0,22,14,0,2,0,14,0,3,57,0
932,1,14,1.0,0.0,1.0,-1.0,0.0,-1.0,-1.0,1.0,1.0,0,13,12,0,1,0,12,0,2,64,0
933,1,14,1.0,0.0,1.0,0.0,1.0,1.0,1.0,1.0,1.0,0,14,17,0,0,0,17,0,7,36,0
934,1,14,1.0,1.0,1.0,0.0,1.0,1.0,0.0,-1.0,-1.0,0,16,6,0,2,0,6,0,5,49,0
935,1,14,1.0,-1.0,1.0,1.0,1.0,-1.0,0.0,-1.0,0.0,0,8,22,0,0,0,22,0,3,71,0
936,1,14,1.0,-1.0,1.0,1.0,1.0,-1.0,0.0,-1.0,0.0,0,8,22,0,0,0,22,0,3,71,0
937,1,14,1.0,-1.0,1.0,1.0,1.0,-1.0,0.0,-1.0,0.0,0,8,22,0,0,0,22,0,3,71,0
938,1,14,1.0,-1.0,1.0,1.0,1.0,-1.0,0.0,-1.0,0.0,0,8,22,0,0,0,22,0,3,71,0
939,0,14,-1.0,1.0,0.0,1.0,0.0,0.0,1.0,-1.0,1.0,9,19,10,0,2,0,10,0,5,76,2
940,1,14,1.0,-1.0,1.0,0.0,-1.0,-1.0,-1.0,1.0,1.0,3,14,17,0,1,0,17,0,6,64,2
941,1,14,1.0,0.0,1.0,-1.0,1.0,1.0,1.0,1.0,1.0,3,6,15,0,3,0,15,0,2,28,6
942,0,14,0.0,1.0,0.0,1.0,0.0,-1.0,1.0,-1.0,1.0,2,8,15,0,2,0,15,0,5,60,4
943,1,14,0.0,1.0,0.0,1.0,-1.0,1.0,1.0,-1.0,1.0,6,12,17,0,3,0,17,0,0,43,2
944,0,14,1.0,1.0,0.0,1.0,-1.0,0.0,1.0,1.0,1.0,7,23,6,0,1,0,6,0,6,56,4
945,-1,14,0.0,-1.0,1.0,1.0,-1.0,1.0,1.0,-1.0,1.0,5,16,16,0,2,0,16,0,5,55,6
946,0,14,-1.0,0.0,0.0,-1.0,1.0,0.0,0.0,1.0,1.0,6,13,16,0,0,0,16,0,4,70,3
947,-1,14,-1.0,1.0,-1.0,1.0,-1.0,0.0,1.0,1.0,0.0,3,13,18,0,2,0,18,0,4,44,6
948,1,14,-1.0,-1.0,0.0,-1.0,-1.0,-1.0,1.0,-1.0,0.0,9,24,13,0,4,0,13,0,5,65,2
949,0,14,1.0,0.0,-1.0,-1.0,1.0,-1.0,0.0,0.0,1.0,4,13,13,0,1,0,13,0,4,60,3
950,1,14,0.0,-1.0,1.0,0.0,-1.0,0.0,-1.0,-1.0,0.0,5,16,7,0,1,0,7,0,11,46,1
951,1,14,1.0,1.0,0.0,-1.0,1.0,-1.0,-1.0,1.0,0.0,11,18,14,0,1,0,14,0,4,42,1
952,1,14,1.0,1.0,1.0,0.0,-1.0,0.0,1.0,-1.0,1.0,9,13,5,0,0,0,5,0,2,46,4
953,1,14,1.0,-1.0,1.0,1.0,-1.0,1.0,-1.0,1.0,-1.0,8,22,13,0,1,0,13,0,6,59,4
954,0,14,1.0,-1.0,1.0,-1.0,1.0,0.0,1.0,-1.0,-1.0,5,17,12,0,2,0,12,0,4,40,2
955,-1,14,1.0,0.0,-1.0,1.0,1.0,-1.0,0.0,-1.0,-1.0,4,21,16,0,2,0,16,0,6,70,4
956,1,14,1.0,1.0,-1.0,-1.0,0.0,1.0,0.0,-1.0,1.0,7,18,14,0,1,0,14,0,6,50,7
957,0,14,1.0,1.0,1.0,1.0,1.0,-1.0,1.0,0.0,-1.0,7,20,14,0,3,0,14,0,4,49,5
958,0,14,0.0,0.0,1.0,1.0,1.0,-1.0,1.0,1.0,1.0,6,27,9,0,0,0,9,0,6,62,1
959,0,14,0.0,0.0,0.0,0.0,0.0,-1.0,0.0,1.0,-1.0,7,29,12,0,1,0,12,0,9,68,5
960,-1,14,0.0,0.0,0.0,0.0,1.0,1.0,1.0,1.0,1.0,5,13,14,0,3,0,14,0,2,43,9
961,1,14,1.0,-1.0,0.0,1.0,-1.0,1.0,1.0,-1.0,1.0,4,12,9,0,2,0,9,0,4,35,5
962,1,14,1.0,0.0,1.0,-1.0,-1.0,-1.0,-1.0,-1.0,1.0,7,29,8,0,1,0,8,0,9,60,2
963,-1,14,1.0,1.0,1.0,0.0,0.0,-1.0,1.0,-1.0,1.0,7,18,13,0,2,0,13,0,9,45,10
964,-1,14,-1.0,1.0,1.0,1.0,0.0,-1.0,-1.0,1.0,0.0,3,19,16,0,3,0,16,0,1,65,6
965,1,14,-1.0,-1.0,0.0,-1.0,-1.0,1.0,1.0,0.0,-1.0,3,10,14,9,2,0,14,9,3,55,6
966,-1,14,1.0,-1.0,-1.0,-1.0,-1.0,1.0,1.0,1.0,-1.0,5,24,11,10,0,0,11,10,12,69,8
967,-1,14,-1.0,0.0,1.0,-1.0,1.0,1.0,-1.0,1.0,0.0,4,17,11,16,2,0,11,16,2,52,5
968,1,14,-1.0,0.0,-1.0,0.0,0.0,1.0,1.0,1.0,1.0,3,9,12,7,2,0,12,7,3,42,1
969,-1,14,1.0,1.0,1.0,1.0,-1.0,-1.0,1.0,-1.0,1.0,8,20,12,11,1,0,12,11,14,64,5
970,-1,14,0.0,-1.0,1.0,1.0,1.0,0.0,1.0,1.0,-1.0,8,19,10,20,1,0,10,20,11,77,4
971,1,14,-1.0,-1.0,0.0,-1.0,0.0,1.0,1.0,1.0,0.0,3,11,8,9,0,0,8,9,0,48,5
972,-1,14,1.0,-1.0,-1.0,0.0,-1.0,-1.0,-1.0,0.0,-1.0,5,12,10,19,2,0,10,19,8,65,3
973,1,14,-1.0,1.0,1.0,-1.0,1.0,1.0,1.0,-1.0,-1.0,6,14,8,9,3,0,8,9,4,35,11
974,-1,14,1.0,1.0,-1.0,1.0,0.0,1.0,-1.0,-1.0,-1.0,6,14,8,10,2,0,8,10,4,58,6
975,-1,14,-1.0,-1.0,1.0,1.0,1.0,1.0,0.0,1.0,1.0,1,3,2,0,0,0,2,0,1,47,12
976,-1,14,-1.0,0.0,-1.0,-1.0,0.0,0.0,-1.0,1.0,-1.0,5,18,9,0,2,0,9,0,7,48,5
977,1,14,-1.0,0.0,-1.0,0.0,0.0,0.0,1.0,1.0,1.0,5,7,12,0,5,1,12,0,0,44,6
978,-1,11,1.0,1.0,1.0,0.0,-1.0,1.0,1.0,0.0,1.0,3,8,9,15,2,0,9,15,3,54,12
979,1,11,-1.0,-1.0,1.0,1.0,0.0,0.0,0.0,-1.0,1.0,5,8,14,24,1,0,14,24,6,52,5
980,1,11,1.0,1.0,-1.0,-1.0,1.0,0.0,-1.0,-1.0,0.0,2,6,18,19,2,0,18,19,3,51,4
981,1,11,-1.0,1.0,-1.0,1.0,-1.0,0.0,0.0,0.0,0.0,7,9,17,12,3,0,17,12,2,43,6
982,-1,11,1.0,1.0,1.0,-1.0,1.0,1.0,1.0,1.0,1.0,5,2,17,10,0,0,17,10,1,29,10
983,1,11,-1.0,1.0,1.0,1.0,1.0,0.0,1.0,-1.0,-1.0,10,7,15,27,3,0,15,27,4,50,7
984,1,11,-1.0,-1.0,1.0,1.0,1.0,-1.0,1.0,-1.0,1.0,6,6,17,14,2,0,17,14,4,56,7
985,0,11,1.0,1.0,-1.0,-1.0,0.0,-1.0,0.0,0.0,-1.0,5,3,20,11,3,0,20,11,3,45,4
986,0,11,0.0,1.0,1.0,1.0,-1.0,-1.0,1.0,0.0,0.0,8,4,13,19,0,0,13,19,5,57,10
987,1,11,0.0,-1.0,0.0,1.0,1.0,1.0,1.0,1.0,0.0,4,5,10,21,1,0,10,21,4,47,5
988,-1,11,-1.0,0.0,-1.0,0.0,0.0,-1.0,1.0,-1.0,-1.0,4,9,22,13,0,0,22,13,4,61,8
989,0,11,-1.0,1.0,-1.0,0.0,-1.0,0.0,1.0,-1.0,0.0,9,10,21,14,3,0,21,14,4,44,6
990,0,11,1.0,-1.0,0.0,-1.0,0.0,0.0,1.0,-1.0,0.0,11,4,11,28,0,0,11,28,8,63,2
991,-1,11,-1.0,1.0,0.0,-1.0,-1.0,0.0,-1.0,-1.0,-1.0,9,9,22,18,2,0,22,18,7,47,4
992,-1,11,1.0,-1.0,-1.0,0.0,0.0,-1.0,-1.0,0.0,-1.0,17,10,8,26,1,0,8,26,7,66,2
993,0,11,-1.0,0.0,-1.0,-1.0,-1.0,-1.0,1.0,-1.0,-1.0,11,7,11,22,3,0,11,22,11,66,6
994,-1,11,-1.0,-1.0,0.0,-1.0,-1.0,1.0,-1.0,-1.0,-1.0,11,5,13,17,1,0,13,17,7,58,7
995,0,11,-1.0,0.0,-1.0,-1.0,1.0,-1.0,1.0,1.0,1.0,7,7,20,18,3,0,20,18,4,41,9
996,1,11,0.0,1.0,-1.0,0.0,1.0,0.0,-1.0,-1.0,0.0,10,10,17,14,2,0,17,14,6,43,6
997,0,11,1.0,1.0,1.0,0.0,1.0,1.0,-1.0,-1.0,-1.0,4,3,19,16,2,0,19,16,4,50,9
998,-1,11,0.0,0.0,1.0,1.0,0.0,1.0,1.0,1.0,1.0,1,3,11,16,0,0,11,16,2,34,10
999,0,11,-1.0,-1.0,0.0,0.0,1.0,-1.0,1.0,-1.0,-1.0,11,9,17,26,0,0,17,26,2,48,5
1000,0,11,0.0,1.0,-1.0,-1.0,-1.0,-1.0,-1.0,1.0,0.0,4,3,10,11,2,1,10,11,0,46,9
1001,-1,11,0.0,-1.0,0.0,1.0,1.0,0.0,1.0,1.0,1.0,4,1,16,11,4,0,16,11,2,26,5
1002,0,11,1.0,1.0,-1.0,-1.0,1.0,1.0,-1.0,0.0,-1.0,4,8,10,15,3,0,10,15,5,60,3
1003,-1,11,0.0,0.0,1.0,1.0,1.0,1.0,-1.0,-1.0,-1.0,0,13,15,0,1,0,15,0,2,46,0
1004,-1,11,-1.0,-1.0,0.0,0.0,0.0,-1.0,0.0,1.0,0.0,0,12,15,0,1,0,15,0,2,54,0
1005,0,11,1.0,0.0,-1.0,1.0,1.0,-1.0,-1.0,-1.0,-1.0,0,11,14,0,2,0,14,0,6,51,0
1006,-1,11,0.0,-1.0,1.0,0.0,1.0,0.0,0.0,1.0,1.0,0,7,14,0,2,0,14,0,4,25,0
1007,0,11,-1.0,-1.0,0.0,-1.0,1.0,-1.0,1.0,0.0,1.0,0,9,14,0,3,0,14,0,4,40,0
1008,0,11,0.0,1.0,-1.0,-1.0,1.0,1.0,1.0,0.0,1.0,0,14,11,0,3,0,11,0,5,40,0
1009,1,11,0.0,0.0,0.0,1.0,1.0,-1.0,0.0,-1.0,-1.0,0,8,16,0,0,0,16,0,3,40,0
1010,1,11,-1.0,0.0,1.0,-1.0,-1.0,-1.0,0.0,0.0,1.0,0,15,13,0,3,0,13,0,2,40,0
1011,-1,11,1.0,1.0,-1.0,0.0,1.0,-1.0,-1.0,1.0,0.0,0,12,12,0,3,0,12,0,2,52,0
1012,0,11,0.0,1.0,-1.0,-1.0,0.0,1.0,-1.0,0.0,1.0,0,15,16,0,2,0,16,0,3,51,0
1013,1,11,-1.0,-1.0,0.0,-1.0,-1.0,1.0,-1.0,1.0,0.0,0,7,19,0,2,2,19,0,2,36,0
1014,0,11,1.0,-1.0,1.0,-1.0,1.0,0.0,1.0,1.0,-1.0,3,5,17,0,2,0,17,0,2,23,5
1015,0,11,0.0,0.0,0.0,1.0,1.0,0.0,0.0,0.0,1.0,9,24,13,0,2,0,13,0,10,51,3
1016,1,11,-1.0,0.0,0.0,0.0,-1.0,-1.0,1.0,0.0,1.0,4,10,15,0,0,0,15,0,6,33,3
1017,-1,11,1.0,1.0,1.0,0.0,1.0,1.0,1.0,0.0,1.0,5,10,23,0,4,0,23,0,5,39,8
1018,0,11,-1.0,0.0,-1.0,0.0,1.0,1.0,0.0,0.0,1.0,4,13,14,0,3,0,14,0,6,39,3
1019,1,11,0.0,1.0,-1.0,0.0,1.0,0.0,0.0,0.0,0.0,8,23,10,0,1,0,10,0,6,57,3
1020,0,11,1.0,-1.0,0.0,1.0,-1.0,1.0,-1.0,0.0,1.0,3,15,13,0,2,0,13,0,11,58,4
1021,0,11,0.0,1.0,1.0,-1.0,1.0,1.0,0.0,1.0,-1.0,8,17,8,0,1,0,8,0,11,61,6
1022,1,11,-1.0,1.0,0.0,-1.0,1.0,1.0,0.0,0.0,1.0,7,17,13,0,1,0,13,0,1,37,2
1023,-1,11,-1.0,-1.0,1.0,0.0,0.0,-1.0,1.0,0.0,-1.0,2,8,11,0,0,0,11,0,8,57,6
1024,-1,11,-1.0,0.0,-1.0,-1.0,1.0,0.0,1.0,-1.0,1.0,6,15,15,0,2,0,15,0,8,51,12
1025,-1,11,-1.0,1.0,-1.0,0.0,1.0,-1.0,1.0,1.0,0.0,1,7,22,0,3,0,22,0,1,29,7
1026,1,11,-1.0,0.0,-1.0,1.0,1.0,0.0,0.0,-1.0,-1.0,6,15,16,0,4,0,16,0,4,42,3
1027,-1,11,1.0,0.0,-1.0,0.0,0.0,0.0,1.0,-1.0,1.0,5,12,13,0,2,0,13,0,4,65,7
1028,0,11,-1.0,-1.0,0.0,1.0,1.0,-1.0,1.0,0.0,1.0,7,18,13,0,1,0,13,0,9,39,2
1029,-1,11,0.0,1.0,-1.0,-1.0,0.0,1.0,0.0,1.0,0.0,7,21,10,0,2,0,10,0,7,49,7
1030,1,11,-1.0,-1.0,0.0,1.0,1.0,1.0,0.0,-1.0,-1.0,10,22,14,0,0,0,14,0,5,51,6
1031,-1,11,0.0,1.0,0.0,-1.0,1.0,1.0,0.0,1.0,1.0,10,25,4,0,1,0,4,0,8,60,7
1032,0,11,-1.0,-1.0,-1.0,0.0,-1.0,0.0,1.0,-1.0,1.0,9,15,17,0,2,0,17,0,6,48,5
1033,-1,11,0.0,-1.0,-1.0,-1.0,1.0,1.0,0.0,1.0,1.0,4,10,13,0,2,0,13,0,3,43,5
1034,1,11,-1.0,-1.0,0.0,0.0,1.0,1.0,0.0,0.0,-1.0,8,16,19,0,0,0,19,0,7,53,0
1035,-1,11,1.0,-1.0,-1.0,-1.0,1.0,-1.0,1.0,1.0,1.0,2,8,14,0,1,0,14,0,1,28,8
1036,1,11,-1.0,-1.0,1.0,-1.0,1.0,0.0,0.0,0.0,1.0,4,9,15,0,1,0,15,0,1,28,8
1037,-1,11,1.0,0.0,1.0,-1.0,1.0,0.0,1.0,-1.0,0.0,0,8,11,0,1,0,11,0,4,41,9
1038,-1,11,1.0,-1.0,-1.0,1.0,1.0,1.0,-1.0,-1.0,-1.0,2,8,11,0,1,0,11,0,3,25,7
1039,-1,11,-1.0,1.0,1.0,-1.0,1.0,0.0,0.0,-1.0,-1.0,3,5,12,0,0,0,12,0,1,39,8
1040,1,11,0.0,-1.0,-1.0,-1.0,1.0,-1.0,1.0,-1.0,-1.0,6,8,8,1,2,0,8,1,2,30,3
1041,-1,11,1.0,-1.0,0.0,-1.0,1.0,-1.0,0.0,1.0,1.0,1,7,16,6,4,0,16,6,1,25,5
1042,0,11,-1.0,0.0,1.0,-1.0,-1.0,1.0,1.0,0.0,1.0,7,9,11,3,3,0,11,3,3,21,9
1043,-1,11,0.0,-1.0,-1.0,0.0,0.0,-1.0,0.0,1.0,1.0,4,12,13,9,3,0,13,9,1,32,3
1044,1,11,-1.0,0.0,0.0,-1.0,-1.0,-1.0,-1.0,0.0,1.0,5,14,9,10,0,0,9,10,3,53,1
1045,1,11,1.0,1.0,-1.0,0.0,1.0,1.0,-1.0,-1.0,1.0,5,18,15,13,2,0,15,13,8,51,3
1046,-1,11,1.0,1.0,1.0,0.0,-1.0,0.0,1.0,1.0,1.0,5,13,5,4,0,0,5,4,2,29,8
1047,1,11,-1.0,-1.0,1.0,1.0,-1.0,1.0,-1.0,-1.0,-1.0,4,15,8,9,2,0,8,9,5,51,1
1048,0,11,1.0,-1.0,-1.0,-1.0,1.0,-1.0,-1.0,1.0,0.0,3,9,22,9,4,0,22,9,0,27,5
1049,-1,11,0.0,-1.0,1.0,-1.0,0.0,1.0,1.0,0.0,1.0,4,9,11,0,3,0,11,0,5,53,7
1050,-1,11,-1.0,-1.0,0.0,-1.0,0.0,0.0,1.0,1.0,0.0,3,6,8,0,1,0,8,0,3,40,4
1051,0,11,0.0,1.0,-1.0,-1.0,-1.0,-1.0,0.0,0.0,1.0,4,10,13,0,1,0,13,0,9,50,2
1052,-1,11,0.0,-1.0,0.0,1.0,-1.0,0.0,1.0,1.0,0.0,3,8,10,0,2,0,10,0,6,46,4
